recovery_id,case_id,amount,recovered_date
1,927,4662.44,2026-01-15 23:08:22
2,923,856.83,2025-03-24 22:29:25
3,448,4044.9,2025-11-04 20:35:08
4,982,4058.66,2025-10-18 21:35:42
5,629,3221.37,2025-07-06 07:10:05
6,341,3444.7,2026-02-14 18:50:45
7,689,4447.35,2025-06-06 10:24:16
8,741,4037.03,2026-04-07 01:55:06
9,764,2356.44,2026-02-23 17:37:07
10,425,3280.21,2025-12-28 23:07:50
11,726,4861.66,2025-06-01 23:52:28
12,102,2463.48,2025-01-28 19:05:35
13,799,3956.22,2025-04-19 01:51:18
14,862,1884.63,2025-11-10 03:44:49
15,762,3559.94,2025-10-28 00:56:20
16,252,504.42,2025-10-25 20:31:10
17,140,4668.48,2026-04-21 04:49:45
18,420,4874.74,2025-08-05 06:48:06
19,935,1871.89,2025-06-13 13:51:32
20,926,606.71,2025-02-26 10:51:45
21,315,4612.97,2025-08-13 14:34:15
22,12,3802.15,2025-09-20 14:51:24
23,776,2440.26,2025-08-19 04:39:58
24,863,3180.4,2025-08-28 08:10:54
25,247,1107.13,2025-10-07 03:01:51
26,146,54.06,2026-01-07 10:24:26
27,66,3609.36,2025-06-04 12:29:57
28,363,1822.4,2025-02-17 10:42:31
29,652,1841.94,2025-12-27 02:05:29
30,474,4372.65,2025-06-05 01:00:24
31,781,2536.51,2025-12-27 10:48:00
32,17,4453.43,2025-12-18 23:34:53
33,907,3930.69,2025-08-12 18:24:48
34,301,3447.48,2025-07-31 22:49:44
35,145,3935.02,2025-08-03 00:58:04
36,963,1184.38,2025-02-07 10:03:08
37,774,2039.31,2025-09-08 09:19:40
38,562,454.29,2025-01-26 17:05:20
39,935,1813.33,2026-03-25 13:20:26
40,92,709.18,2026-01-23 06:07:23
41,521,873.15,2025-01-08 22:14:42
42,716,698.44,2026-04-28 06:38:07
43,303,1114.3,2025-11-01 06:50:21
44,80,3546.24,2025-06-19 12:50:43
45,3,473.83,2026-01-20 03:10:42
46,729,1209.57,2025-10-25 00:36:32
47,185,858.13,2026-02-22 14:46:11
48,165,3033.41,2025-05-25 09:19:26
49,47,560.25,2026-03-02 00:47:53
50,574,1943.72,2025-11-10 18:42:55
51,936,2789.94,2025-09-15 17:46:01
52,118,571.56,2025-05-03 09:14:42
53,41,1002.38,2025-12-04 16:14:38
54,731,3400.87,2025-11-04 20:05:08
55,738,278.13,2025-04-09 07:14:19
56,159,1747.1,2025-03-06 17:00:00
57,625,2122.83,2025-08-20 12:53:57
58,933,177.76,2025-03-10 05:50:18
59,756,4525.37,2026-04-17 09:03:17
60,345,3074.85,2025-11-16 14:32:31
61,263,397.67,2025-05-24 06:14:02
62,49,4681.74,2025-04-11 22:58:02
63,169,2503.25,2025-05-08 14:41:21
64,691,81.87,2025-06-11 09:58:02
65,865,2725.04,2025-08-29 06:35:58
66,652,1918.77,2025-02-17 20:51:06
67,422,4222.24,2025-02-05 23:03:10
68,891,788.52,2025-10-15 06:19:55
69,783,1989.42,2025-08-18 05:06:06
70,836,606.54,2025-04-25 19:07:58
71,403,4022.56,2025-01-08 18:13:06
72,981,950.8,2026-01-02 04:36:40
73,437,3735.84,2025-05-19 04:51:29
74,821,3513.98,2025-01-03 21:23:13
75,970,809.27,2025-09-06 07:49:58
76,57,3666.76,2026-01-30 23:45:38
77,956,1770.72,2026-01-13 00:13:10
78,147,4146.0,2025-01-10 00:26:17
79,871,1115.01,2025-07-23 00:10:54
80,91,4276.33,2026-02-05 03:21:19
81,7,1798.03,2026-01-11 13:08:16
82,312,484.46,2025-11-11 20:13:18
83,538,3851.93,2025-07-23 17:28:52
84,970,3254.82,2025-04-04 22:10:05
85,442,228.04,2025-02-05 14:01:38
86,197,4207.27,2025-08-07 23:26:52
87,986,3134.19,2026-02-28 17:32:01
88,206,4424.82,2025-04-02 23:47:44
89,850,1541.49,2026-02-28 04:50:40
90,686,3638.44,2025-08-29 08:22:35
91,800,3331.87,2026-04-19 04:20:16
92,825,2596.01,2025-07-29 08:26:35
93,263,154.04,2025-12-12 06:40:44
94,325,2608.53,2026-01-13 09:29:05
95,430,3143.09,2025-08-19 10:44:55
96,740,611.5,2025-06-04 03:42:12
97,458,1208.78,2026-01-15 01:12:41
98,138,3482.84,2025-01-15 23:08:32
99,249,970.54,2025-09-06 02:34:15
100,342,420.8,2025-04-03 13:55:19
101,941,2957.06,2025-06-14 06:36:00
102,198,4403.19,2025-06-12 12:40:34
103,335,2107.27,2025-05-10 12:50:40
104,675,1024.01,2025-01-27 16:18:28
105,958,2993.99,2025-04-05 17:19:39
106,634,1392.96,2025-12-13 18:23:30
107,469,151.89,2025-11-19 03:29:31
108,376,1313.32,2026-01-05 05:50:42
109,553,334.29,2025-05-16 21:36:40
110,448,18.35,2025-08-02 14:34:53
111,308,4199.65,2025-08-17 19:08:40
112,645,2308.12,2025-05-05 00:40:28
113,678,2169.05,2025-06-08 01:32:41
114,47,4245.55,2026-01-03 12:44:56
115,292,902.99,2026-04-09 22:58:38
116,351,1240.29,2025-07-06 04:44:27
117,144,4380.5,2026-04-30 04:04:03
118,526,1950.27,2025-09-11 15:28:37
119,857,2229.83,2025-12-07 09:18:37
120,585,1478.76,2025-09-27 02:02:18
121,408,162.39,2025-07-02 05:17:08
122,449,3242.02,2025-01-20 02:23:05
123,422,3903.03,2025-06-26 12:26:57
124,956,2035.1,2025-12-22 04:06:15
125,199,4284.37,2025-12-07 16:59:40
126,107,444.26,2025-01-25 01:53:26
127,208,3959.66,2026-04-30 06:36:07
128,678,4310.1,2026-04-27 01:51:12
129,1,1883.01,2026-04-04 23:19:49
130,951,2620.53,2026-01-19 14:17:02
131,790,150.62,2025-10-30 15:56:07
132,324,2803.95,2025-09-20 17:00:03
133,666,2945.27,2026-02-25 20:47:15
134,913,2744.1,2025-09-21 05:09:25
135,448,4088.55,2025-06-12 20:29:34
136,530,4693.86,2025-05-28 05:53:47
137,886,2534.16,2025-04-01 13:09:48
138,410,804.71,2025-11-21 22:21:24
139,431,1724.13,2025-10-12 18:26:57
140,480,3829.56,2026-01-11 15:51:27
141,262,1422.98,2025-03-07 03:48:14
142,322,2493.34,2025-11-22 13:25:06
143,833,130.4,2025-12-18 04:42:48
144,946,754.59,2026-01-06 22:14:39
145,681,1433.65,2025-12-05 05:17:48
146,983,415.51,2025-05-31 10:48:39
147,620,3806.94,2025-10-26 10:56:51
148,420,3915.58,2025-03-14 03:51:38
149,828,422.83,2025-05-24 10:44:47
150,96,1367.25,2025-07-29 01:16:55
151,872,1584.8,2025-11-04 09:00:22
152,702,3135.35,2026-02-13 23:09:15
153,380,1940.11,2025-03-09 07:18:56
154,77,1389.6,2025-12-31 13:55:16
155,464,2558.6,2025-03-04 23:10:52
156,43,1064.37,2026-01-19 22:51:50
157,773,440.46,2025-11-26 09:46:23
158,27,852.06,2025-04-09 04:19:35
159,998,4621.03,2025-03-31 22:26:44
160,968,3880.83,2025-07-30 07:53:24
161,676,4453.27,2025-05-01 01:30:04
162,286,4999.45,2026-03-27 08:35:24
163,787,3624.71,2025-08-05 14:46:48
164,941,4604.27,2026-01-23 15:29:31
165,188,1097.43,2025-05-14 04:41:02
166,51,2535.44,2026-03-10 15:58:37
167,717,823.07,2025-04-17 10:36:55
168,973,3499.02,2026-04-05 11:01:35
169,209,2680.68,2025-07-14 00:21:05
170,685,2077.39,2025-06-14 19:54:53
171,756,3810.05,2026-02-15 03:52:07
172,182,4118.28,2025-12-03 16:05:34
173,776,3462.2,2026-03-03 21:06:50
174,68,3739.62,2025-01-06 02:10:09
175,375,3606.65,2025-08-16 23:34:12
176,360,4709.9,2026-04-28 21:14:56
177,51,1645.5,2025-07-30 01:05:50
178,852,1055.71,2025-06-17 07:15:45
179,398,4815.85,2025-03-21 20:43:02
180,480,2121.73,2025-03-10 23:37:21
181,702,1609.16,2025-08-12 15:34:31
182,194,1172.54,2025-04-03 18:42:14
183,336,2926.48,2026-01-27 09:49:56
184,764,4438.39,2025-07-04 21:28:49
185,139,3024.52,2025-10-05 21:18:01
186,363,1377.33,2025-06-26 16:29:20
187,508,350.36,2025-03-08 22:25:48
188,635,2367.86,2026-01-30 12:01:31
189,196,1280.58,2025-12-02 22:19:18
190,680,1444.3,2025-03-13 08:36:27
191,304,858.17,2025-08-27 08:44:54
192,942,2341.52,2025-03-08 14:03:50
193,740,397.02,2025-10-17 23:00:12
194,883,3917.23,2025-02-20 10:59:16
195,766,4188.19,2025-10-05 14:18:36
196,660,399.42,2026-04-30 16:10:38
197,190,1176.09,2025-04-05 22:21:34
198,423,1850.69,2026-02-05 03:07:38
199,193,1158.07,2025-05-28 18:39:15
200,545,4041.39,2025-11-02 23:38:53
201,143,1598.08,2025-09-22 21:02:58
202,252,2069.89,2025-01-21 17:11:51
203,211,3433.78,2025-03-22 02:23:31
204,241,2876.26,2026-01-05 21:49:26
205,156,3916.13,2025-03-25 03:07:33
206,777,1600.33,2025-03-20 04:09:50
207,615,414.53,2025-02-09 06:36:04
208,942,664.31,2025-08-31 23:10:27
209,235,3043.74,2025-05-20 20:41:10
210,214,1330.97,2025-12-23 03:13:56
211,652,1906.06,2025-04-04 18:06:18
212,912,1581.6,2026-03-08 02:00:12
213,383,108.71,2025-11-01 20:26:50
214,271,1664.65,2025-06-24 17:56:14
215,230,4924.71,2026-01-25 06:29:25
216,5,2233.15,2025-10-16 17:05:48
217,91,223.04,2025-02-03 13:51:48
218,366,3949.88,2025-10-21 18:28:54
219,950,1796.13,2025-06-22 13:30:10
220,942,1340.88,2025-12-18 07:21:44
221,158,2552.7,2025-11-05 04:57:39
222,237,1715.24,2025-08-07 16:10:05
223,936,4648.23,2025-03-24 18:39:02
224,813,4602.85,2025-11-01 12:41:38
225,176,2305.65,2026-02-26 14:01:16
226,510,4278.72,2025-12-26 23:01:42
227,836,1872.53,2025-03-15 12:46:14
228,955,3520.62,2025-06-20 01:54:36
229,225,1017.46,2025-12-13 01:07:39
230,144,233.49,2026-03-05 03:11:03
231,722,2330.77,2025-03-30 14:47:00
232,815,2605.81,2025-01-31 01:24:50
233,651,681.42,2025-08-26 20:26:54
234,490,271.25,2025-05-06 09:37:06
235,889,1876.44,2025-10-30 19:54:30
236,972,1528.99,2025-02-19 10:43:40
237,52,3251.43,2026-01-10 08:14:50
238,280,685.04,2025-07-10 19:45:01
239,285,1171.13,2025-05-05 15:15:28
240,474,3763.91,2025-06-23 09:20:53
241,299,118.0,2025-10-31 07:55:30
242,567,1102.53,2025-06-13 13:15:35
243,653,2274.97,2026-03-15 04:32:25
244,231,4060.71,2025-03-09 06:00:05
245,57,2262.99,2026-02-21 00:51:11
246,703,749.71,2025-04-05 03:54:30
247,536,2661.68,2025-03-05 09:48:48
248,85,687.28,2025-04-04 01:47:49
249,136,2149.66,2025-06-17 05:22:59
250,413,3582.13,2025-01-15 02:42:00
251,145,2737.99,2025-06-02 18:51:26
252,966,4018.06,2025-09-03 21:06:39
253,368,2498.96,2025-12-20 07:54:58
254,143,4652.55,2026-03-27 21:43:54
255,230,4698.68,2025-10-03 22:56:38
256,86,3607.12,2025-04-18 17:27:57
257,652,3167.7,2026-01-17 19:57:14
258,645,1158.98,2026-03-31 00:53:55
259,219,1600.7,2025-06-29 00:35:04
260,701,3845.55,2025-03-09 03:58:06
261,749,1239.95,2025-03-09 15:02:03
262,59,4501.85,2025-07-05 21:31:19
263,937,2714.85,2025-10-20 16:43:46
264,467,3598.8,2026-03-15 09:47:53
265,126,4912.68,2025-06-20 11:59:05
266,496,4575.19,2025-05-30 23:43:09
267,688,959.8,2025-02-07 17:05:22
268,829,2329.18,2026-02-22 10:22:14
269,16,1957.08,2025-02-13 07:58:16
270,860,334.87,2026-03-29 00:55:56
271,612,81.09,2025-08-22 23:07:55
272,926,4390.45,2025-10-26 06:04:42
273,581,2103.76,2025-11-29 09:34:55
274,280,746.15,2025-10-20 11:22:50
275,457,2417.57,2025-07-26 01:13:20
276,40,690.21,2026-01-20 08:06:51
277,314,2934.96,2025-02-18 00:34:31
278,938,3471.67,2025-11-12 16:29:39
279,704,1620.01,2026-01-25 11:56:27
280,583,3895.94,2025-06-20 02:52:37
281,484,414.68,2025-11-06 20:42:11
282,667,463.34,2025-10-16 00:06:47
283,796,2150.83,2026-03-08 23:12:52
284,205,1038.14,2026-01-01 07:23:16
285,690,4687.09,2025-11-20 02:08:31
286,492,2825.09,2025-05-31 12:20:09
287,760,925.17,2025-04-15 02:23:21
288,121,3420.41,2025-03-21 18:33:26
289,94,2539.68,2025-11-05 19:16:48
290,410,4612.36,2025-08-12 12:52:55
291,899,55.27,2025-08-11 10:46:38
292,185,3152.65,2026-01-23 04:10:27
293,392,2536.88,2025-06-02 10:33:34
294,514,3161.47,2025-04-24 18:40:32
295,967,2282.36,2025-12-23 23:00:35
296,203,1892.84,2025-09-07 23:49:12
297,460,95.87,2026-01-16 11:20:45
298,229,3225.0,2025-01-19 16:50:18
299,106,2318.1,2025-08-27 13:36:47
300,653,3215.48,2026-01-12 20:31:32
301,846,619.06,2025-12-16 20:48:25
302,41,1415.25,2025-11-03 00:08:23
303,851,2874.01,2025-02-02 01:05:37
304,737,2794.8,2026-03-26 11:43:57
305,866,2967.92,2025-10-31 01:58:00
306,580,3429.09,2025-07-10 18:06:33
307,440,2541.88,2025-02-28 06:36:13
308,814,1489.92,2025-12-05 10:10:05
309,39,1961.92,2025-08-30 18:57:32
310,203,1208.36,2026-02-17 18:44:49
311,514,2857.48,2025-09-14 22:30:40
312,10,4520.33,2025-10-29 20:12:27
313,707,3818.2,2025-08-14 14:52:29
314,872,4352.89,2026-03-13 05:26:29
315,26,4690.08,2025-11-30 10:32:14
316,101,3468.62,2025-05-31 15:08:16
317,302,1121.32,2025-03-03 11:15:54
318,562,1361.02,2026-02-01 18:38:22
319,729,3481.43,2025-11-19 18:06:22
320,736,2090.09,2025-03-17 08:19:31
321,472,1519.21,2025-11-01 00:38:12
322,659,1774.34,2026-01-30 21:46:37
323,911,3619.94,2025-05-16 16:30:34
324,114,4513.21,2026-04-05 13:10:45
325,618,2284.49,2025-12-11 11:09:57
326,190,1938.98,2025-07-11 08:01:00
327,77,728.78,2026-01-05 10:13:29
328,477,3356.78,2025-09-14 08:40:04
329,213,416.05,2025-10-21 21:48:42
330,934,2578.04,2025-12-19 02:15:08
331,134,1469.66,2025-04-22 07:17:20
332,397,492.88,2026-01-26 04:45:02
333,225,4282.01,2025-11-13 13:32:24
334,993,4477.37,2026-01-16 21:38:43
335,564,528.4,2026-04-25 14:22:48
336,837,2798.19,2025-11-03 22:27:52
337,445,611.96,2025-12-23 08:18:56
338,516,357.98,2026-03-25 16:18:53
339,203,2655.42,2025-06-11 00:14:11
340,877,3037.28,2025-08-08 21:33:23
341,56,4522.03,2025-09-05 20:33:23
342,688,3308.74,2025-02-16 03:58:07
343,957,14.63,2025-11-03 00:52:36
344,231,3536.34,2025-12-27 11:10:11
345,632,3598.74,2025-11-10 16:08:30
346,886,922.18,2026-02-08 06:30:50
347,151,1034.21,2026-01-01 15:45:25
348,445,3820.04,2026-04-18 23:19:46
349,746,1624.36,2025-06-26 16:51:36
350,521,1474.97,2025-05-23 18:03:29
351,964,2371.81,2025-12-24 10:38:27
352,914,3462.57,2025-07-31 19:59:26
353,972,3834.17,2025-12-19 00:03:15
354,376,1767.57,2025-02-17 15:32:01
355,67,4265.21,2026-01-31 12:42:56
356,334,2928.33,2026-02-12 18:12:08
357,124,589.64,2025-02-10 11:58:47
358,530,228.08,2026-01-31 22:56:39
359,879,1398.2,2025-05-13 16:35:11
360,220,3814.31,2025-08-11 18:51:05
361,131,1372.89,2025-12-17 23:30:45
362,712,2226.92,2026-04-26 04:50:59
363,829,1907.7,2026-02-26 12:06:47
364,655,1656.07,2025-10-21 22:05:35
365,466,2881.58,2025-02-17 10:26:31
366,713,1051.22,2025-10-30 09:53:49
367,89,3271.78,2026-01-21 18:10:26
368,504,3437.96,2025-08-12 17:55:48
369,911,986.48,2026-02-02 18:32:18
370,951,4884.6,2025-12-08 21:35:30
371,970,3457.64,2025-06-30 04:02:51
372,751,3846.22,2025-06-08 10:16:58
373,790,1057.22,2025-01-31 06:04:14
374,746,287.83,2025-09-09 15:36:30
375,466,4083.84,2025-01-03 00:40:19
376,943,53.32,2025-02-11 02:50:54
377,844,3761.37,2025-12-23 17:33:45
378,110,2218.95,2025-04-14 09:47:04
379,522,3276.66,2025-05-25 05:04:22
380,132,3877.04,2025-07-23 21:16:47
381,726,2588.37,2025-07-27 18:54:46
382,931,1392.97,2025-01-25 06:52:06
383,422,4019.35,2025-08-03 05:44:28
384,431,652.51,2025-08-21 03:14:14
385,557,2403.56,2026-03-26 23:49:49
386,964,3170.9,2026-02-28 02:57:49
387,534,3725.24,2026-04-28 21:54:58
388,141,1519.42,2025-10-17 11:37:33
389,295,4335.95,2025-08-02 23:32:15
390,272,1992.83,2026-02-20 11:31:08
391,809,2352.64,2025-12-09 11:54:54
392,627,3558.04,2025-11-25 06:05:48
393,129,1437.8,2026-02-22 07:36:25
394,848,1271.42,2026-04-10 02:04:43
395,742,2497.91,2026-04-18 16:43:09
396,668,3341.86,2026-01-04 10:29:36
397,778,4205.68,2026-04-02 10:57:02
398,341,4862.33,2026-03-05 18:50:07
399,368,3445.63,2025-01-18 12:46:58
400,165,4953.32,2025-06-18 16:43:05
401,834,1174.83,2025-08-15 07:44:37
402,838,4862.02,2026-03-13 12:26:25
403,143,2264.82,2025-07-23 05:13:14
404,934,4583.05,2025-04-27 06:07:48
405,920,1457.95,2025-02-09 20:01:13
406,855,4184.11,2025-07-05 10:36:31
407,742,575.46,2025-11-10 10:54:25
408,729,1036.68,2025-03-27 13:06:02
409,612,1866.7,2025-04-14 01:23:37
410,645,3950.27,2025-04-30 02:14:44
411,51,573.37,2025-03-20 00:54:19
412,708,60.4,2026-04-30 10:26:16
413,298,909.76,2025-02-21 09:51:38
414,295,2305.96,2025-05-24 17:31:02
415,399,2837.56,2025-10-09 18:43:06
416,448,2045.34,2025-12-21 22:09:52
417,866,2358.54,2025-04-09 09:21:44
418,984,1062.9,2025-01-16 17:51:50
419,695,34.18,2025-11-28 18:50:46
420,180,4395.46,2025-01-26 23:15:46
421,530,1549.91,2025-09-29 05:31:08
422,659,573.79,2025-01-30 05:57:04
423,952,1840.99,2025-01-23 20:32:26
424,145,892.14,2025-01-22 17:17:10
425,583,882.49,2025-03-27 23:02:05
426,898,157.66,2025-10-28 10:46:13
427,337,2940.44,2026-02-22 23:43:06
428,967,4763.19,2025-05-21 21:02:59
429,661,2061.31,2025-12-10 16:12:59
430,789,1306.62,2025-03-19 11:35:56
431,499,3261.51,2025-08-08 10:21:36
432,493,734.83,2025-03-01 02:51:56
433,802,1982.79,2025-07-20 07:51:46
434,452,545.04,2025-01-16 11:53:07
435,363,3283.95,2025-01-13 17:52:20
436,706,1224.5,2025-10-02 08:40:46
437,874,1152.3,2025-03-11 10:33:39
438,908,2535.83,2025-09-08 07:05:16
439,130,4637.28,2026-01-18 15:26:18
440,535,951.77,2025-01-28 04:11:44
441,994,2304.61,2025-01-11 04:22:06
442,8,472.77,2025-08-07 00:04:25
443,388,2349.65,2025-12-08 11:12:42
444,885,3172.28,2025-11-01 10:00:41
445,588,4727.5,2025-08-01 13:00:26
446,22,1088.54,2026-01-16 23:57:01
447,146,3434.99,2025-12-22 02:31:47
448,661,1273.35,2026-04-22 16:42:38
449,875,3999.08,2026-02-10 03:29:08
450,455,3975.67,2025-01-25 06:38:24
451,84,563.49,2025-06-29 05:24:01
452,379,2015.93,2025-08-24 08:22:28
453,758,2125.42,2025-11-25 17:24:18
454,518,2977.47,2025-03-06 07:24:36
455,375,3144.89,2025-05-13 00:38:33
456,168,3732.99,2025-07-26 02:56:53
457,987,3406.52,2025-08-27 23:55:05
458,169,859.6,2025-02-27 01:16:10
459,782,2484.73,2025-05-18 22:44:21
460,889,2472.6,2025-06-21 11:54:15
461,187,1103.47,2025-08-30 08:21:12
462,11,3304.35,2026-02-16 10:55:38
463,329,4129.25,2025-06-02 22:09:35
464,825,4341.61,2025-01-13 22:57:57
465,274,118.76,2025-09-03 23:55:57
466,437,145.96,2026-04-28 02:12:37
467,828,1549.01,2025-03-20 23:28:09
468,896,110.62,2025-03-08 02:36:06
469,79,4641.01,2025-01-03 10:57:49
470,904,3615.7,2025-03-10 15:57:02
471,578,3978.9,2026-01-28 07:12:14
472,497,4677.06,2025-12-30 16:37:20
473,556,3145.29,2025-06-08 06:02:22
474,683,1225.28,2026-04-10 07:08:09
475,756,247.9,2025-07-26 18:34:24
476,101,2154.08,2025-06-12 18:26:52
477,385,30.33,2025-01-23 02:56:43
478,837,1066.79,2025-06-28 20:42:15
479,28,4975.11,2026-02-04 11:26:08
480,462,4770.66,2025-06-23 04:20:57
481,367,1073.67,2025-03-05 08:51:58
482,242,1304.71,2025-08-07 17:41:44
483,905,1513.76,2026-01-25 01:13:44
484,34,2752.93,2025-08-02 12:59:55
485,962,4117.55,2025-03-18 19:42:14
486,764,3103.38,2026-03-31 03:39:42
487,953,3235.51,2025-11-19 04:57:54
488,1000,2291.21,2025-10-22 14:46:56
489,420,1418.45,2026-04-03 07:35:44
490,486,2154.32,2025-01-27 17:59:50
491,779,3504.27,2026-02-06 09:27:04
492,226,4802.16,2026-03-25 04:15:45
493,895,4881.44,2025-09-11 12:59:25
494,619,2886.86,2025-07-02 18:40:29
495,3,1482.37,2025-05-02 12:08:23
496,237,2078.75,2025-06-29 16:23:55
497,471,1424.73,2025-06-07 22:47:46
498,836,4850.75,2025-10-10 23:48:50
499,719,3749.46,2025-12-15 20:13:13
500,570,4812.74,2025-02-16 15:05:53
501,678,826.18,2026-02-25 00:23:32
502,459,870.09,2025-12-27 09:48:12
503,120,4909.93,2025-01-16 03:44:16
504,40,601.0,2025-09-14 00:17:43
505,22,4119.06,2025-09-06 15:17:34
506,954,3886.19,2026-03-11 13:35:24
507,58,1055.5,2025-05-20 13:45:40
508,725,4112.6,2025-03-15 15:28:19
509,765,1442.59,2026-04-05 08:18:49
510,38,968.44,2025-04-07 02:34:03
511,878,4442.71,2026-04-13 08:00:50
512,466,4559.16,2026-01-13 18:54:02
513,772,2054.79,2025-02-26 14:10:59
514,137,4535.04,2026-04-02 22:11:42
515,270,1682.35,2025-09-26 23:01:14
516,513,3727.56,2025-01-18 11:36:00
517,698,1097.58,2025-12-15 12:06:28
518,177,2577.94,2026-04-18 04:01:15
519,835,3922.35,2025-04-16 10:01:17
520,700,1373.41,2025-08-10 19:12:26
521,771,1494.43,2025-12-16 23:08:37
522,816,4084.54,2026-01-20 16:23:27
523,749,2614.35,2025-08-12 10:14:42
524,133,3510.67,2025-07-12 12:04:25
525,376,196.98,2025-09-11 18:04:50
526,182,591.31,2025-10-16 03:07:34
527,635,4437.9,2025-06-24 15:44:56
528,347,2113.5,2025-09-17 04:41:15
529,979,3510.1,2026-03-27 07:14:09
530,45,1147.87,2025-02-02 10:02:21
531,116,614.35,2025-10-11 01:22:06
532,688,4410.51,2025-01-05 03:38:23
533,692,630.89,2026-03-16 22:12:24
534,752,3004.49,2025-01-23 19:56:06
535,42,3031.24,2025-09-09 21:33:00
536,6,2493.43,2026-04-15 01:12:46
537,798,2029.3,2025-04-11 03:10:47
538,585,4437.89,2025-11-14 04:12:26
539,900,3882.09,2025-04-09 02:44:16
540,36,96.29,2026-03-28 18:33:23
541,206,3058.19,2025-04-12 16:57:31
542,708,2146.72,2025-11-02 13:56:32
543,550,4586.5,2025-06-26 05:35:01
544,735,2383.74,2025-05-12 21:17:48
545,392,2438.4,2025-10-02 01:48:02
546,691,2602.81,2025-01-14 12:46:08
547,913,2217.62,2025-12-05 02:02:05
548,619,3547.87,2025-08-03 15:08:10
549,91,4234.73,2025-05-01 19:25:03
550,779,4638.0,2025-10-12 21:03:13
551,432,4299.86,2025-04-14 02:26:26
552,476,4347.55,2026-01-21 15:35:05
553,547,4259.82,2025-06-02 18:22:33
554,635,3736.93,2025-06-02 07:18:29
555,9,1241.98,2025-06-07 22:20:47
556,719,2388.27,2025-10-23 16:42:34
557,344,4877.75,2025-01-13 16:15:11
558,724,4253.86,2025-06-14 20:33:35
559,248,4287.89,2025-04-30 05:49:33
560,233,4994.88,2026-03-17 13:51:12
561,775,2327.27,2025-12-06 03:51:07
562,843,1812.07,2026-02-20 22:56:37
563,132,2091.33,2025-01-18 07:37:45
564,755,3176.02,2025-01-14 01:46:42
565,249,486.3,2025-04-28 02:10:00
566,613,549.0,2025-06-22 10:18:24
567,846,2653.36,2026-04-22 04:06:30
568,725,220.34,2026-01-09 16:48:56
569,404,4997.78,2026-03-31 21:20:46
570,584,3781.33,2025-09-08 18:49:14
571,797,1106.45,2026-03-14 04:46:05
572,826,2304.12,2025-08-01 19:23:57
573,970,2340.03,2025-02-06 14:38:22
574,294,2782.75,2026-02-08 19:13:15
575,559,617.08,2025-03-11 02:19:31
576,166,347.17,2025-03-01 20:02:51
577,119,2996.65,2025-04-29 15:42:16
578,182,2444.72,2025-09-19 14:20:57
579,353,2973.58,2025-04-01 23:34:21
580,736,1033.0,2026-04-28 15:36:53
581,997,4950.45,2025-02-10 17:52:07
582,1000,1870.09,2025-03-06 06:19:42
583,469,3350.81,2025-05-03 07:18:25
584,468,506.8,2025-04-17 23:24:23
585,101,495.78,2025-12-29 18:04:20
586,61,2664.34,2025-09-11 07:32:55
587,687,4620.76,2026-01-30 14:54:24
588,383,4633.24,2025-01-12 04:36:39
589,336,2889.74,2025-01-07 17:56:52
590,993,2724.14,2026-03-09 18:24:17
591,985,4576.35,2025-08-26 19:04:38
592,14,784.16,2025-06-07 04:10:17
593,363,4068.36,2025-08-25 06:37:01
594,434,3541.79,2025-08-27 17:10:35
595,849,34.15,2025-05-17 12:31:02
596,968,2881.66,2025-02-01 23:55:49
597,894,3306.5,2026-03-06 23:21:38
598,873,1019.23,2025-07-11 06:48:17
599,745,2438.52,2025-02-05 14:01:23
600,285,4418.25,2025-03-12 12:25:55
601,654,2113.26,2025-10-05 15:19:36
602,899,1654.3,2025-10-08 07:11:50
603,496,911.09,2025-09-07 09:32:33
604,837,96.86,2025-06-21 21:41:15
605,26,4627.38,2025-04-23 23:13:42
606,457,3892.81,2025-03-20 15:53:04
607,708,959.48,2026-03-18 19:23:01
608,91,243.67,2025-08-23 04:30:06
609,704,3404.39,2025-05-19 10:29:36
610,715,3158.54,2025-01-31 07:49:02
611,198,2786.03,2025-11-29 15:40:47
612,442,3823.25,2025-02-23 22:40:07
613,420,2534.78,2025-05-21 11:29:54
614,762,883.31,2026-01-23 02:00:27
615,702,1431.97,2025-11-03 00:35:49
616,279,3702.71,2025-02-17 22:30:12
617,708,3149.68,2025-10-24 06:07:21
618,581,1371.32,2025-03-27 00:33:53
619,655,1930.42,2025-08-03 04:32:35
620,978,3271.73,2025-03-19 20:25:04
621,87,3036.55,2025-08-12 20:44:58
622,417,2460.21,2025-01-22 06:44:20
623,707,437.15,2025-08-13 01:47:13
624,741,1517.98,2025-02-01 22:52:28
625,999,3570.25,2025-05-27 14:37:48
626,667,1141.92,2026-02-08 00:41:27
627,888,4491.34,2025-06-20 22:13:23
628,3,2041.85,2026-04-11 01:31:47
629,460,3255.45,2025-09-03 02:53:45
630,148,1028.08,2026-01-24 18:57:43
631,293,2839.67,2025-09-14 16:55:21
632,978,818.92,2026-01-30 08:26:12
633,850,1879.37,2025-05-20 03:34:33
634,101,2513.16,2025-08-16 04:01:49
635,122,4678.68,2025-09-17 23:41:23
636,362,1619.89,2025-02-26 14:34:33
637,886,3646.55,2025-05-30 20:36:49
638,82,995.25,2026-01-19 09:41:46
639,733,2243.26,2025-09-23 22:07:02
640,393,3393.81,2026-01-13 13:55:49
641,560,42.95,2025-06-04 21:22:47
642,457,3151.34,2026-01-26 19:11:48
643,462,510.32,2025-04-10 21:49:57
644,72,2765.81,2025-07-10 14:53:12
645,960,4633.89,2025-12-06 08:41:11
646,250,891.52,2026-02-06 01:36:57
647,392,4947.7,2025-10-24 10:32:43
648,854,2537.3,2025-12-22 06:23:16
649,96,3834.99,2025-03-30 18:54:15
650,66,2078.21,2025-09-11 19:03:55
651,955,4342.91,2026-02-01 22:49:42
652,146,1001.11,2026-04-18 22:05:00
653,894,3167.26,2025-08-14 06:42:32
654,751,3871.14,2025-11-13 01:40:30
655,546,2080.53,2025-06-28 17:13:21
656,73,4965.75,2025-01-09 00:34:23
657,227,2033.55,2025-09-30 09:51:04
658,540,1556.84,2025-08-29 08:19:41
659,673,2541.27,2026-03-22 19:26:54
660,289,3286.86,2025-08-13 05:23:44
661,66,3158.27,2025-02-24 07:11:59
662,298,2761.66,2026-01-25 09:45:16
663,507,3780.17,2025-09-07 13:14:14
664,279,720.39,2025-05-20 07:31:23
665,599,4798.44,2025-03-11 07:51:11
666,60,2342.02,2025-11-04 01:03:21
667,635,1113.36,2026-03-05 22:22:36
668,307,4429.58,2025-02-11 00:44:09
669,816,555.04,2025-06-01 14:25:25
670,642,1144.51,2025-03-08 06:48:48
671,110,708.95,2025-01-06 12:58:12
672,179,27.6,2026-02-25 23:45:26
673,753,604.05,2025-03-05 04:39:02
674,702,366.39,2025-10-27 02:33:21
675,340,1545.25,2026-03-09 03:32:03
676,93,850.34,2025-01-05 23:37:24
677,676,2086.83,2025-09-07 13:36:25
678,121,1494.37,2025-01-17 16:24:05
679,18,4198.72,2025-08-01 19:57:16
680,922,424.78,2025-12-05 22:32:23
681,994,3792.29,2025-08-28 08:10:36
682,929,382.84,2026-03-07 12:07:28
683,757,3289.05,2025-05-08 19:10:33
684,544,2279.88,2026-01-01 00:16:23
685,26,3836.97,2025-05-17 15:56:52
686,284,2491.03,2026-03-17 19:29:54
687,804,1269.97,2025-12-10 22:54:11
688,932,1317.04,2026-01-03 23:28:37
689,439,982.87,2025-07-08 05:02:19
690,187,4954.24,2025-01-25 22:54:57
691,110,1438.34,2025-11-07 21:45:59
692,820,3577.11,2025-08-16 21:07:05
693,911,3478.49,2025-05-02 16:48:36
694,596,871.65,2025-05-27 14:45:33
695,967,2540.71,2025-05-22 16:08:52
696,799,4990.33,2026-02-07 14:56:21
697,515,150.15,2026-01-03 20:54:47
698,740,90.09,2026-04-19 16:47:02
699,812,4894.76,2025-03-19 23:51:44
700,134,2621.6,2025-03-31 18:16:43
701,171,2754.87,2025-06-08 16:54:59
702,286,1045.07,2026-03-02 21:57:34
703,738,272.26,2025-07-08 21:41:22
704,976,1999.22,2025-03-27 15:02:00
705,864,4743.32,2025-02-11 03:08:10
706,93,4623.68,2025-10-31 01:01:12
707,213,1531.84,2025-06-14 20:03:40
708,64,3243.02,2025-10-28 11:33:28
709,446,4341.28,2026-02-27 13:20:36
710,560,4019.89,2025-02-17 23:33:27
711,609,1150.54,2025-02-14 11:10:41
712,380,3223.01,2025-05-20 21:00:41
713,687,2012.44,2026-01-27 16:52:32
714,540,2566.9,2025-07-17 05:17:24
715,249,2073.35,2025-07-10 18:30:07
716,536,1791.91,2025-02-02 04:12:39
717,394,512.44,2025-09-13 20:53:08
718,841,2314.01,2025-11-21 17:28:33
719,289,1970.67,2026-03-29 13:23:11
720,361,267.67,2025-05-21 14:13:51
721,696,866.71,2025-01-25 19:22:12
722,408,2470.19,2025-11-28 19:13:44
723,872,966.5,2025-05-02 01:47:21
724,201,4773.84,2025-05-30 08:41:40
725,653,3375.28,2025-06-18 17:54:01
726,90,1114.17,2025-05-03 02:52:57
727,556,1683.44,2026-01-31 13:04:17
728,951,1893.68,2026-02-19 21:48:33
729,853,2400.54,2026-04-30 04:45:53
730,39,317.15,2025-04-30 22:20:56
731,294,1234.99,2025-01-25 12:36:27
732,911,2491.68,2025-04-12 11:50:39
733,477,3223.12,2025-09-06 13:28:14
734,187,2291.25,2025-08-04 05:12:19
735,198,456.39,2026-01-18 03:45:18
736,530,2468.91,2025-04-11 08:26:30
737,402,4943.27,2026-04-27 03:31:22
738,308,1828.33,2025-11-16 11:27:39
739,317,861.91,2025-03-01 02:40:36
740,694,2561.3,2026-04-26 19:50:17
741,614,2561.26,2025-06-17 14:18:11
742,162,1076.14,2025-07-27 16:51:19
743,364,552.98,2025-06-10 01:22:23
744,553,614.01,2025-08-26 02:49:53
745,739,2703.73,2025-12-07 01:17:13
746,826,2293.67,2025-03-11 08:31:56
747,221,264.93,2025-08-24 15:28:21
748,962,906.96,2026-04-06 09:43:44
749,867,1103.16,2025-08-12 23:21:44
750,454,2278.03,2025-11-07 23:37:39
751,432,1318.32,2025-06-13 15:30:52
752,932,2831.44,2025-06-09 07:25:21
753,983,4935.58,2025-09-11 10:10:55
754,201,3253.03,2025-07-02 07:31:34
755,696,1951.54,2025-12-31 02:01:54
756,724,4569.18,2025-06-14 11:43:13
757,935,4397.48,2025-02-23 23:56:24
758,220,92.07,2025-10-04 07:47:27
759,964,2703.17,2025-08-23 05:36:46
760,984,4940.68,2026-01-03 12:29:09
761,902,4744.28,2025-08-05 13:02:35
762,365,429.47,2025-08-04 23:44:29
763,48,2143.01,2026-01-15 14:59:11
764,850,4066.39,2025-11-28 19:00:49
765,598,1088.22,2025-04-24 20:31:50
766,475,269.92,2025-01-29 23:50:50
767,806,841.82,2025-02-28 23:56:26
768,979,2960.31,2025-09-11 17:03:04
769,326,324.46,2025-12-31 15:00:39
770,554,2017.43,2025-08-14 11:11:48
771,810,4177.94,2025-10-19 15:33:23
772,959,3644.81,2025-01-16 15:55:00
773,783,1863.1,2025-03-20 18:46:28
774,678,864.1,2026-02-14 20:17:42
775,894,1944.26,2025-02-23 05:34:20
776,662,3127.06,2025-01-12 06:25:08
777,342,3537.24,2026-02-07 19:52:25
778,738,3880.31,2026-02-11 08:52:47
779,789,744.26,2026-04-30 03:59:08
780,447,4581.7,2025-10-27 19:23:24
781,363,119.55,2026-01-01 22:35:13
782,185,60.7,2025-07-05 23:31:14
783,470,3073.59,2026-03-11 16:13:48
784,389,4042.7,2025-12-07 11:42:58
785,615,3126.63,2026-04-16 00:42:26
786,344,2933.12,2025-08-20 22:30:05
787,609,4420.07,2025-08-20 03:54:47
788,433,1047.05,2025-06-18 17:04:51
789,438,796.2,2025-04-19 11:37:49
790,665,613.77,2025-06-08 20:19:10
791,594,4245.88,2026-01-07 20:17:22
792,752,4600.56,2025-02-19 17:00:57
793,782,73.95,2025-10-21 10:48:32
794,704,3169.95,2025-08-25 13:08:41
795,207,3022.03,2025-06-25 11:19:11
796,330,3263.87,2025-08-03 18:58:39
797,649,2920.36,2025-08-06 20:03:44
798,428,3971.08,2025-04-16 02:05:55
799,26,1766.35,2025-05-20 03:53:45
800,512,3059.45,2026-02-16 21:29:42
801,422,1127.07,2025-01-28 20:59:06
802,191,1734.85,2025-12-21 04:44:47
803,866,2938.48,2025-09-23 18:20:50
804,287,4508.22,2026-01-03 10:44:18
805,703,264.89,2025-07-20 03:45:42
806,806,190.9,2026-04-22 11:55:33
807,609,4247.04,2025-04-17 00:08:37
808,99,3207.1,2025-03-29 04:39:44
809,47,121.78,2025-11-19 20:22:17
810,8,3361.39,2025-07-30 05:01:02
811,282,3409.67,2025-11-02 09:51:03
812,665,2427.93,2026-04-10 20:52:22
813,813,3230.19,2025-04-26 19:53:12
814,337,1731.62,2025-11-29 03:10:59
815,59,3081.47,2025-04-07 16:44:51
816,44,2653.45,2025-10-23 21:13:39
817,660,4041.83,2026-03-10 12:19:54
818,292,3935.55,2026-02-04 19:50:16
819,392,3738.38,2026-01-06 00:03:43
820,681,4326.64,2025-06-06 19:40:51
821,6,2142.02,2025-04-14 05:38:53
822,216,1886.84,2026-03-24 10:11:18
823,580,721.12,2025-04-27 11:22:03
824,280,985.51,2025-02-17 12:43:58
825,273,3389.86,2026-03-18 05:36:03
826,103,4245.23,2025-09-06 12:32:16
827,583,4565.59,2025-01-02 16:54:46
828,480,374.35,2025-01-09 18:54:29
829,744,2091.3,2025-07-29 10:41:56
830,636,1863.31,2026-01-22 12:48:37
831,362,715.23,2025-03-21 18:02:43
832,361,2567.16,2025-10-12 20:02:53
833,726,2805.52,2026-02-27 13:39:10
834,778,416.93,2025-09-01 20:26:26
835,915,3543.82,2025-02-10 15:19:07
836,299,4470.85,2025-01-27 16:37:25
837,666,2615.49,2026-04-13 12:37:21
838,473,3782.23,2025-12-28 01:41:40
839,874,470.16,2026-02-05 11:33:16
840,475,3855.08,2025-11-22 14:07:42
841,541,1893.25,2025-11-24 21:30:28
842,755,299.79,2025-06-02 16:33:45
843,670,1113.64,2025-02-10 18:05:43
844,944,1905.1,2026-03-15 13:18:34
845,444,3169.53,2025-11-05 02:56:37
846,330,1129.29,2026-04-03 00:36:36
847,347,4539.2,2026-03-31 19:20:02
848,92,1891.29,2025-09-10 08:39:59
849,659,4461.86,2025-01-31 13:45:43
850,324,3804.09,2025-08-22 02:42:02
851,849,2079.13,2025-07-30 05:43:29
852,407,50.48,2026-02-09 14:36:45
853,906,3243.34,2026-02-27 19:57:23
854,122,285.56,2025-01-13 05:42:53
855,408,3478.17,2026-01-23 09:02:16
856,772,92.7,2025-07-23 14:31:16
857,3,1810.77,2025-04-20 06:33:45
858,977,905.62,2025-06-10 04:42:40
859,31,4152.2,2025-06-15 20:30:07
860,880,3327.53,2026-01-27 19:44:28
861,58,912.16,2025-01-03 18:47:02
862,377,4801.35,2025-09-19 13:15:04
863,650,2973.45,2025-11-01 16:56:53
864,370,2789.6,2025-09-18 14:43:06
865,751,718.38,2025-09-18 10:04:25
866,371,56.76,2026-04-24 05:34:25
867,921,3265.79,2026-04-04 22:14:54
868,481,4567.85,2026-01-09 04:16:04
869,286,1226.28,2026-04-26 04:32:43
870,328,631.78,2026-03-07 11:53:33
871,634,3306.17,2025-03-10 01:17:03
872,279,4604.01,2025-08-23 01:31:12
873,107,203.11,2026-04-14 12:20:59
874,313,422.02,2025-01-17 01:36:24
875,417,958.4,2025-03-11 12:14:57
876,79,90.9,2025-02-18 21:35:22
877,151,346.07,2026-01-06 19:19:17
878,475,4938.14,2025-10-22 04:22:47
879,8,3420.32,2025-08-12 05:28:55
880,464,946.78,2026-04-19 01:22:01
881,75,4236.87,2025-05-03 22:21:32
882,131,3892.16,2025-01-05 10:58:52
883,801,2716.9,2025-08-02 21:49:41
884,302,2339.86,2025-11-06 16:17:00
885,594,1595.3,2025-08-13 10:36:46
886,671,3179.2,2025-03-31 03:32:17
887,579,3009.92,2025-11-22 09:49:37
888,625,300.53,2025-08-21 03:41:25
889,960,1043.13,2026-03-17 10:28:10
890,237,2003.07,2026-04-03 05:55:18
891,935,2402.06,2026-04-17 12:21:32
892,560,4485.55,2025-03-04 19:59:59
893,822,4309.55,2026-01-17 10:41:39
894,167,4999.19,2025-06-11 14:42:11
895,630,398.55,2025-06-02 07:25:18
896,600,3682.04,2025-05-19 12:23:56
897,54,1397.97,2025-09-18 13:59:16
898,213,3445.68,2025-01-29 22:40:31
899,911,1994.56,2025-05-13 08:42:43
900,989,2368.05,2026-02-08 02:45:54
901,351,343.24,2025-03-30 13:51:26
902,666,4318.98,2025-11-29 06:25:10
903,613,4658.36,2026-01-28 00:19:16
904,357,3791.23,2026-02-12 17:30:23
905,597,1148.09,2025-08-12 05:17:10
906,746,2653.11,2026-02-26 00:00:41
907,545,4409.44,2025-04-09 18:12:05
908,383,4919.97,2025-06-26 04:16:42
909,762,1797.46,2025-01-30 00:36:06
910,998,962.66,2025-05-02 06:53:39
911,982,168.05,2025-12-17 03:32:13
912,338,2821.37,2025-12-16 20:01:39
913,800,2252.09,2025-10-26 05:55:37
914,182,2697.15,2025-05-01 16:40:44
915,88,3778.36,2026-02-02 05:19:14
916,123,3026.09,2025-01-04 18:17:17
917,418,2015.73,2025-08-17 10:14:36
918,357,2672.67,2026-01-10 23:11:13
919,916,949.36,2026-02-13 09:54:19
920,925,2808.06,2025-11-24 02:16:50
921,838,1480.36,2025-02-02 18:35:46
922,701,3968.72,2025-12-21 00:03:41
923,443,628.36,2025-10-21 00:01:48
924,668,1654.13,2026-02-04 05:55:55
925,789,2123.09,2025-03-30 21:54:19
926,336,3025.87,2025-04-01 20:20:41
927,72,4677.05,2025-12-06 11:35:09
928,364,1698.72,2026-01-21 19:57:56
929,525,238.71,2025-10-27 03:06:39
930,887,3780.35,2025-11-15 02:17:17
931,401,2551.43,2026-03-31 13:15:23
932,170,2902.76,2026-03-23 13:25:02
933,663,3019.74,2025-02-20 23:47:35
934,419,2082.36,2025-12-19 00:05:35
935,51,2220.02,2025-11-25 18:23:43
936,499,3472.63,2025-04-16 00:11:00
937,547,4067.52,2026-01-18 09:12:49
938,299,1258.13,2026-01-19 12:15:48
939,639,3180.45,2025-06-25 05:32:57
940,186,3548.95,2026-01-20 19:33:15
941,806,2347.15,2026-03-11 05:41:08
942,786,4738.26,2025-05-31 19:29:09
943,602,1763.92,2026-02-12 16:44:02
944,884,4057.27,2026-01-19 05:23:47
945,200,2756.3,2025-11-29 20:43:31
946,563,3113.47,2025-02-13 03:51:37
947,444,619.43,2025-09-16 10:41:49
948,507,319.46,2025-03-15 02:16:09
949,640,993.2,2026-01-09 10:59:09
950,966,748.7,2025-02-05 00:22:09
951,270,1610.04,2025-01-16 23:10:08
952,885,3797.99,2025-09-12 22:12:51
953,308,3009.83,2025-09-14 01:11:14
954,721,906.79,2025-07-18 08:27:17
955,626,2836.82,2025-10-29 06:21:11
956,320,4424.12,2026-03-02 00:06:11
957,377,1282.64,2025-04-10 12:16:08
958,764,2218.53,2026-01-08 18:29:09
959,75,1255.02,2025-10-02 15:31:08
960,46,559.02,2025-12-03 08:11:14
961,353,4884.29,2026-01-27 13:43:53
962,703,2431.11,2025-06-20 14:27:02
963,734,3585.97,2025-10-21 04:25:36
964,473,4951.92,2026-02-05 01:49:38
965,38,4604.94,2025-07-29 12:32:53
966,368,1665.32,2026-03-15 13:18:42
967,403,1520.67,2025-08-27 06:41:26
968,16,40.97,2025-12-11 21:00:13
969,679,4425.18,2025-10-25 21:50:59
970,989,295.15,2026-03-06 10:51:33
971,591,1497.66,2026-02-27 21:16:46
972,554,230.77,2026-01-18 03:02:56
973,666,4092.36,2026-04-14 01:23:36
974,911,2096.35,2025-08-19 10:04:50
975,845,3507.02,2025-11-03 05:23:47
976,268,3091.89,2025-11-11 23:08:54
977,807,3996.71,2026-03-04 16:04:02
978,420,4818.95,2026-04-20 20:41:55
979,716,2142.32,2025-01-08 20:49:45
980,557,1788.35,2025-07-02 19:34:00
981,111,729.49,2025-10-09 03:54:48
982,920,1214.51,2026-01-01 09:29:11
983,642,3835.31,2025-05-11 10:58:39
984,141,462.26,2025-03-04 22:58:00
985,74,120.48,2025-06-26 01:33:27
986,404,4484.54,2026-04-22 13:02:21
987,177,103.31,2026-01-10 06:29:16
988,344,3001.09,2026-04-08 18:20:02
989,387,3319.96,2025-12-10 08:38:15
990,348,382.85,2025-03-12 23:28:17
991,870,4148.02,2025-04-22 18:53:47
992,550,1558.8,2025-10-25 00:38:27
993,656,2737.24,2026-02-21 03:25:25
994,614,3737.15,2025-11-28 13:57:03
995,972,4612.96,2025-12-03 10:13:22
996,888,3442.89,2025-09-20 11:25:15
997,595,4755.35,2025-07-28 03:13:11
998,281,195.6,2025-08-13 06:53:14
999,495,946.25,2025-10-08 20:32:23
1000,188,830.66,2026-03-13 21:15:12
