login_id,user_id,ip,device,login_time,success
1,367,78.199.177.45,mobile,2025-10-29 19:15:37,1
2,848,120.117.65.64,tablet,2025-09-23 20:16:41,1
3,724,108.229.208.89,tablet,2025-01-02 18:14:17,1
4,522,55.16.74.196,desktop,2025-09-18 05:39:55,1
5,428,212.10.17.136,mobile,2025-03-16 09:21:33,1
6,845,244.116.92.12,tablet,2025-06-10 08:00:13,1
7,900,138.200.131.118,tablet,2025-04-18 05:19:38,1
8,225,138.105.246.116,tablet,2026-01-19 08:53:37,1
9,705,249.76.112.42,desktop,2025-06-18 15:18:10,1
10,727,194.254.72.201,mobile,2025-04-30 15:30:09,1
11,90,70.32.60.164,desktop,2026-03-25 01:58:42,1
12,58,178.158.164.252,tablet,2025-05-21 00:44:26,0
13,370,65.14.211.21,desktop,2026-01-01 13:16:09,1
14,568,231.82.122.186,desktop,2026-02-23 08:48:53,1
15,227,121.89.85.244,tablet,2026-04-28 06:28:06,1
16,279,220.219.170.52,tablet,2025-10-15 14:19:03,1
17,425,201.149.7.14,tablet,2025-03-21 11:10:26,1
18,877,129.107.168.56,mobile,2026-01-26 16:24:53,1
19,357,2.221.137.215,tablet,2025-11-07 00:29:20,1
20,837,138.147.162.236,mobile,2025-09-23 11:02:47,1
21,713,226.123.236.4,mobile,2025-02-18 09:42:10,1
22,424,135.108.205.98,tablet,2026-04-27 19:23:31,1
23,676,55.48.50.124,tablet,2026-04-28 02:10:18,1
24,567,224.215.204.154,desktop,2025-06-01 07:17:23,1
25,976,247.148.69.216,tablet,2025-12-17 12:50:41,1
26,274,107.139.80.3,mobile,2025-03-12 20:22:55,1
27,514,212.122.21.193,tablet,2025-06-24 21:17:57,0
28,289,133.141.4.102,mobile,2025-01-05 20:50:28,1
29,828,42.83.118.18,mobile,2025-10-12 11:25:49,1
30,728,65.82.46.110,mobile,2025-04-30 03:51:51,1
31,712,210.177.38.98,desktop,2025-01-22 03:37:04,1
32,903,4.4.113.53,mobile,2026-02-09 12:05:28,1
33,312,239.107.131.62,desktop,2025-09-16 07:17:03,1
34,286,151.228.104.146,tablet,2026-02-10 14:49:38,1
35,805,85.243.100.203,tablet,2026-04-09 07:04:31,1
36,514,155.216.104.176,tablet,2025-05-05 02:55:34,1
37,7,77.30.222.240,tablet,2025-04-01 21:38:12,0
38,298,33.73.89.250,mobile,2025-01-25 16:42:43,1
39,109,254.154.51.178,mobile,2025-09-03 05:47:55,1
40,404,213.11.127.202,desktop,2025-07-04 10:36:13,1
41,894,235.246.38.219,desktop,2025-09-16 04:23:28,1
42,646,39.143.168.32,mobile,2025-11-13 17:59:09,1
43,420,27.128.55.76,tablet,2026-04-08 08:27:53,1
44,510,93.200.158.118,desktop,2025-10-09 19:22:40,1
45,415,37.23.84.175,tablet,2025-03-18 20:15:13,1
46,251,156.186.163.241,tablet,2026-02-15 02:58:23,0
47,587,70.25.147.226,mobile,2025-10-28 21:51:37,1
48,477,206.199.160.82,tablet,2025-02-04 08:38:19,1
49,85,143.88.82.99,desktop,2025-04-21 21:10:08,1
50,359,211.35.112.24,desktop,2025-03-12 13:45:46,1
51,8,54.86.65.94,tablet,2025-04-11 15:22:32,1
52,93,218.20.163.129,desktop,2025-05-06 22:03:06,1
53,738,103.90.3.95,tablet,2025-11-02 05:28:46,1
54,956,74.112.7.146,mobile,2026-04-28 09:33:56,1
55,317,185.242.197.36,tablet,2026-02-09 01:03:47,1
56,136,187.34.53.109,desktop,2025-06-14 22:53:07,1
57,631,108.155.101.217,mobile,2026-02-12 06:24:16,1
58,174,31.184.195.108,desktop,2025-01-25 08:14:35,1
59,153,73.55.108.210,mobile,2026-01-05 06:02:45,1
60,484,186.176.103.241,mobile,2025-11-01 15:13:17,1
61,95,98.238.229.174,mobile,2026-02-25 21:36:23,1
62,597,84.3.110.73,desktop,2025-08-19 01:00:20,1
63,471,43.113.229.102,tablet,2025-12-07 11:03:28,0
64,692,3.161.186.168,desktop,2026-01-24 08:38:45,1
65,186,208.169.116.3,mobile,2025-07-05 03:52:37,1
66,563,92.128.38.171,desktop,2025-04-03 07:30:07,1
67,220,21.152.220.203,tablet,2025-12-29 14:40:40,1
68,16,247.103.176.169,desktop,2025-02-20 14:02:22,1
69,443,120.78.46.36,tablet,2025-08-01 04:17:49,0
70,66,246.89.159.22,mobile,2026-01-06 19:59:30,1
71,747,253.172.248.66,desktop,2025-12-15 08:32:07,1
72,929,234.15.124.215,desktop,2025-12-05 12:51:01,1
73,975,136.74.11.121,desktop,2025-09-15 19:34:51,1
74,327,5.51.243.3,desktop,2026-01-13 16:09:50,1
75,647,233.248.252.84,mobile,2026-04-05 05:25:28,1
76,657,181.251.82.99,desktop,2026-01-04 20:16:20,1
77,861,195.239.14.102,tablet,2025-12-13 09:43:06,1
78,363,213.140.20.96,desktop,2025-04-20 20:36:07,1
79,101,50.170.61.144,mobile,2026-03-13 04:59:54,1
80,837,108.110.141.222,desktop,2025-10-30 18:44:17,1
81,773,184.29.132.34,desktop,2026-01-10 23:48:30,1
82,135,146.115.115.209,desktop,2026-01-20 01:39:17,1
83,710,42.163.15.201,mobile,2025-02-03 17:08:50,1
84,94,17.9.66.242,tablet,2025-09-11 15:23:31,1
85,901,183.176.136.40,tablet,2025-04-30 10:16:54,1
86,399,192.152.84.104,tablet,2026-03-25 21:36:30,1
87,181,194.84.214.19,tablet,2025-09-25 08:04:45,0
88,610,236.143.49.33,desktop,2025-02-10 04:33:21,1
89,117,94.51.11.46,mobile,2025-04-17 19:20:17,1
90,556,99.241.53.105,tablet,2025-03-26 21:48:36,1
91,714,131.143.125.23,tablet,2025-02-24 07:08:41,1
92,250,146.117.223.143,mobile,2026-04-25 05:01:33,1
93,377,1.237.97.143,desktop,2025-08-30 15:07:13,1
94,965,225.96.80.191,tablet,2026-03-09 13:17:17,1
95,545,47.100.101.65,tablet,2025-06-30 11:29:49,1
96,322,12.237.216.207,desktop,2026-03-10 09:51:06,1
97,983,102.38.47.220,mobile,2025-10-05 14:49:48,1
98,736,70.228.35.187,desktop,2025-07-31 20:38:59,1
99,931,223.164.237.31,desktop,2025-03-03 15:28:53,1
100,200,33.80.141.81,desktop,2025-04-16 03:44:31,1
101,793,139.85.170.51,desktop,2026-04-10 04:31:41,1
102,240,115.120.238.225,tablet,2025-08-31 05:35:51,1
103,596,237.159.3.164,tablet,2025-04-13 08:32:43,1
104,802,202.181.116.4,tablet,2025-12-10 11:19:21,1
105,558,30.7.61.147,tablet,2025-01-06 23:33:04,1
106,998,93.88.138.151,mobile,2025-07-25 23:52:16,1
107,593,183.155.211.164,tablet,2025-04-12 17:03:30,1
108,14,118.41.132.58,desktop,2025-05-15 15:28:44,0
109,733,161.187.249.27,mobile,2025-09-29 18:57:49,0
110,156,146.212.135.55,desktop,2025-03-15 22:53:03,1
111,576,47.67.184.54,desktop,2025-11-07 01:53:30,0
112,9,67.85.164.130,tablet,2025-05-24 01:10:24,1
113,816,25.76.28.85,tablet,2026-03-21 00:58:22,1
114,196,59.241.102.247,desktop,2025-02-25 22:53:09,1
115,652,67.157.49.89,mobile,2025-01-24 10:35:19,1
116,922,49.143.166.129,mobile,2025-12-07 08:26:02,1
117,76,57.197.117.173,desktop,2025-02-22 04:00:47,1
118,221,75.78.169.196,tablet,2026-03-26 21:26:12,1
119,691,160.221.237.53,tablet,2025-07-01 13:45:34,1
120,397,133.224.236.92,tablet,2025-03-17 19:48:27,1
121,791,46.45.37.150,desktop,2025-07-16 16:19:05,1
122,242,123.190.214.252,tablet,2025-12-19 02:15:05,1
123,807,229.237.97.151,mobile,2026-02-01 03:20:38,1
124,387,97.231.54.180,tablet,2025-11-01 22:06:35,1
125,586,204.168.227.17,mobile,2025-06-09 02:18:55,1
126,925,34.5.155.4,tablet,2025-09-11 16:29:59,1
127,529,35.231.247.201,tablet,2025-04-30 06:22:36,1
128,850,232.251.244.214,tablet,2025-02-16 21:11:00,1
129,608,151.69.121.65,tablet,2025-01-22 11:07:55,1
130,443,97.203.113.223,desktop,2025-03-14 13:25:03,1
131,199,53.14.191.74,mobile,2025-09-25 19:01:12,1
132,249,72.243.242.26,mobile,2025-07-31 04:25:29,1
133,697,182.28.31.120,tablet,2025-04-14 04:06:47,1
134,884,141.253.21.60,desktop,2025-06-10 18:56:11,1
135,568,87.46.224.149,mobile,2026-03-05 22:43:42,1
136,739,217.6.110.149,tablet,2026-04-07 16:41:36,1
137,716,75.90.40.205,mobile,2025-05-11 23:31:12,1
138,465,52.16.211.124,mobile,2025-09-22 17:07:54,1
139,5,157.7.207.216,mobile,2025-08-13 20:17:53,1
140,232,251.25.216.184,tablet,2025-02-16 22:36:42,1
141,700,223.115.15.29,tablet,2026-03-13 23:29:21,1
142,226,124.85.172.165,desktop,2026-04-18 18:47:53,1
143,582,231.31.31.32,tablet,2025-09-02 08:11:26,1
144,720,171.22.55.211,desktop,2026-03-29 22:53:38,1
145,589,66.37.192.57,mobile,2025-04-14 03:06:39,1
146,917,195.55.170.46,desktop,2025-02-10 09:24:33,1
147,765,35.3.228.225,tablet,2025-12-13 07:07:32,1
148,566,112.229.252.173,tablet,2025-03-24 20:09:06,0
149,956,210.211.62.8,tablet,2025-03-21 05:23:04,1
150,406,70.246.172.124,tablet,2025-06-13 18:08:36,1
151,143,74.68.84.27,mobile,2025-08-13 01:53:08,1
152,311,38.28.220.3,mobile,2025-03-26 23:32:53,1
153,412,73.77.217.6,tablet,2025-08-03 19:43:02,1
154,32,95.169.92.32,tablet,2025-11-21 21:39:01,0
155,226,218.220.246.210,tablet,2025-06-01 22:38:30,1
156,676,17.186.73.146,desktop,2025-12-04 10:03:11,1
157,884,88.128.179.122,desktop,2026-03-26 21:30:36,1
158,652,180.121.77.239,tablet,2025-10-06 03:43:03,1
159,797,222.33.216.180,mobile,2025-03-15 00:26:36,1
160,693,9.95.240.94,mobile,2025-01-11 02:14:11,1
161,991,88.31.159.126,desktop,2026-03-17 22:41:48,1
162,70,222.250.152.219,tablet,2025-09-01 08:22:18,1
163,29,132.186.211.123,desktop,2026-01-12 10:10:47,1
164,546,138.16.83.40,desktop,2026-03-20 18:44:41,1
165,89,207.237.174.6,tablet,2025-10-30 01:18:22,1
166,184,246.79.139.215,tablet,2025-04-27 12:15:48,1
167,753,17.176.156.164,tablet,2026-02-04 17:55:30,1
168,380,58.51.28.138,desktop,2026-01-14 09:52:18,1
169,538,40.51.42.116,tablet,2025-08-13 11:25:29,1
170,690,5.45.219.16,tablet,2026-03-28 16:05:44,1
171,687,138.141.24.157,tablet,2026-04-24 07:33:49,1
172,311,164.108.210.20,tablet,2025-10-30 17:09:32,1
173,66,9.146.184.149,mobile,2025-05-12 15:50:17,1
174,418,111.49.199.124,desktop,2025-03-03 10:42:17,1
175,524,231.162.63.14,desktop,2025-08-06 03:45:54,1
176,626,147.246.58.68,desktop,2025-05-30 02:17:38,1
177,34,146.15.46.78,mobile,2025-04-25 23:38:22,1
178,394,222.213.175.69,mobile,2025-08-28 19:36:28,1
179,918,74.185.222.218,desktop,2025-01-30 01:36:18,1
180,568,63.167.13.19,mobile,2025-05-30 00:04:45,1
181,533,94.44.240.28,tablet,2025-04-11 06:28:34,0
182,573,110.32.58.170,mobile,2025-05-17 20:29:50,1
183,926,203.138.50.131,tablet,2025-05-08 16:00:05,1
184,826,29.108.41.187,tablet,2025-04-12 03:34:51,1
185,845,123.56.54.250,mobile,2025-05-16 07:04:55,1
186,262,1.138.242.7,tablet,2025-11-23 00:19:43,1
187,747,235.77.164.173,tablet,2025-12-14 22:54:12,1
188,709,122.51.193.115,desktop,2025-09-29 22:54:23,1
189,871,237.16.63.11,tablet,2025-12-21 07:15:01,1
190,173,72.206.63.121,tablet,2025-11-23 22:55:40,1
191,400,32.39.118.240,desktop,2025-01-19 21:18:01,0
192,65,15.83.230.254,tablet,2026-03-06 13:30:38,1
193,203,247.78.84.14,desktop,2025-11-10 19:12:27,1
194,260,91.139.4.183,desktop,2025-07-27 12:53:36,1
195,200,121.74.148.239,tablet,2026-01-01 22:32:38,1
196,962,133.98.208.247,tablet,2026-02-18 14:33:12,1
197,500,75.102.47.130,desktop,2026-03-26 14:30:47,1
198,601,150.197.160.58,mobile,2025-12-30 08:39:42,1
199,328,176.38.110.111,mobile,2025-12-29 20:20:53,1
200,664,193.179.144.226,mobile,2025-01-01 21:44:13,1
201,805,252.133.209.178,tablet,2025-05-25 23:04:35,1
202,28,25.126.161.45,desktop,2026-03-27 01:24:42,1
203,408,206.30.244.199,mobile,2025-12-13 07:54:50,0
204,14,209.206.118.208,mobile,2025-04-28 21:09:57,1
205,642,128.173.125.204,mobile,2025-08-23 10:07:08,1
206,727,138.32.249.226,mobile,2025-02-11 00:20:34,1
207,330,149.36.141.24,desktop,2025-06-30 19:55:37,1
208,197,230.143.164.184,mobile,2025-12-03 23:28:47,1
209,990,190.255.149.101,mobile,2025-11-19 06:34:29,0
210,99,194.19.33.219,tablet,2025-02-21 06:08:40,1
211,947,175.105.167.180,desktop,2025-10-22 07:27:20,1
212,449,63.95.38.98,tablet,2025-02-06 18:41:08,1
213,941,21.44.201.79,tablet,2025-09-10 09:00:11,1
214,333,177.36.106.97,tablet,2025-11-27 00:06:47,1
215,511,124.186.81.67,desktop,2026-01-04 11:40:58,1
216,455,238.126.25.81,tablet,2025-03-06 08:48:50,0
217,866,153.246.234.113,desktop,2025-05-30 03:08:39,1
218,661,169.168.100.67,desktop,2025-04-15 23:48:46,1
219,309,20.199.103.51,mobile,2025-09-19 13:16:54,0
220,923,41.73.102.164,tablet,2025-01-31 15:31:34,1
221,604,242.158.157.126,mobile,2026-04-02 05:49:52,1
222,63,248.134.119.189,tablet,2026-01-05 21:06:18,0
223,789,232.216.147.241,mobile,2025-08-31 12:25:06,1
224,495,149.21.125.207,desktop,2025-06-29 06:46:22,1
225,521,150.125.226.205,tablet,2025-05-10 20:17:34,1
226,244,232.88.129.141,mobile,2026-02-26 02:39:43,1
227,195,154.116.229.251,desktop,2025-06-27 14:19:22,1
228,511,74.20.237.44,tablet,2025-04-17 00:52:00,1
229,398,81.149.186.27,desktop,2025-12-15 08:35:39,1
230,533,108.209.45.137,tablet,2025-02-17 02:56:20,1
231,620,126.49.229.77,mobile,2025-02-23 07:52:30,1
232,782,42.49.171.43,tablet,2025-03-08 01:16:19,1
233,647,110.44.138.231,mobile,2026-02-26 10:08:49,1
234,624,71.159.252.130,mobile,2025-01-15 01:50:46,1
235,660,211.19.208.77,desktop,2025-07-29 04:04:01,1
236,694,73.66.200.227,mobile,2025-07-19 00:03:05,1
237,556,179.161.28.84,tablet,2026-03-31 19:09:34,1
238,46,7.117.129.101,mobile,2026-02-07 03:23:45,1
239,397,117.242.217.53,mobile,2025-02-18 13:18:39,1
240,22,207.27.216.45,desktop,2025-03-17 19:03:30,1
241,430,40.241.32.213,tablet,2026-04-10 08:34:14,1
242,45,207.206.194.211,desktop,2025-04-14 00:21:58,1
243,220,189.199.104.221,mobile,2025-05-08 23:44:25,1
244,754,77.185.149.16,mobile,2026-01-01 04:28:57,0
245,225,184.202.8.233,desktop,2026-04-11 08:04:37,1
246,844,144.151.89.229,mobile,2026-01-29 11:37:00,1
247,108,131.145.200.171,mobile,2025-03-22 01:13:57,1
248,366,193.160.53.245,desktop,2025-07-15 15:22:29,1
249,599,240.88.222.147,desktop,2025-02-08 19:46:11,1
250,207,248.215.182.92,mobile,2025-10-25 06:35:43,1
251,353,240.216.66.209,desktop,2026-04-12 21:10:15,1
252,237,31.147.89.49,desktop,2025-01-14 19:29:38,1
253,544,84.113.185.154,tablet,2025-05-24 19:02:41,1
254,972,14.199.149.8,tablet,2025-05-05 22:48:15,1
255,340,78.118.32.156,mobile,2026-01-31 02:30:59,1
256,425,199.223.227.180,mobile,2025-03-27 14:39:40,1
257,856,3.54.38.219,mobile,2025-10-14 19:33:26,1
258,517,84.132.99.194,tablet,2026-01-22 10:43:46,1
259,629,140.143.114.124,mobile,2025-03-23 06:31:41,1
260,19,241.112.94.37,desktop,2025-12-23 19:28:21,1
261,66,142.37.51.13,tablet,2025-11-14 19:36:44,1
262,517,190.207.89.40,tablet,2025-06-10 19:06:04,1
263,364,14.222.57.34,desktop,2026-02-19 18:34:51,1
264,795,201.46.246.186,tablet,2025-03-05 10:26:13,1
265,192,7.186.65.135,tablet,2025-04-08 02:08:13,1
266,281,33.102.26.237,desktop,2025-11-28 12:56:46,1
267,907,153.73.169.125,desktop,2025-09-24 05:17:48,0
268,892,22.238.53.189,mobile,2025-09-09 13:44:28,1
269,762,217.111.90.207,tablet,2026-03-07 08:25:30,1
270,182,169.162.74.240,tablet,2025-12-08 18:06:01,1
271,382,145.118.233.248,desktop,2025-04-05 04:26:19,0
272,866,180.202.71.220,desktop,2025-03-03 21:14:57,1
273,412,89.204.243.208,desktop,2025-10-17 17:58:55,1
274,99,222.70.123.40,mobile,2025-07-19 16:35:55,1
275,884,38.215.204.99,tablet,2025-06-21 17:36:08,1
276,596,101.105.31.132,tablet,2025-09-10 07:04:24,1
277,575,73.146.147.16,mobile,2025-08-18 03:42:40,1
278,7,147.75.94.164,desktop,2025-04-15 05:01:23,1
279,72,25.168.12.237,mobile,2025-01-27 19:20:30,0
280,302,14.31.25.234,desktop,2026-03-30 15:31:25,1
281,974,190.228.38.201,desktop,2025-06-23 06:24:53,1
282,146,169.140.23.238,mobile,2026-01-20 23:54:23,1
283,185,252.133.84.214,mobile,2026-03-06 03:52:23,1
284,621,8.160.217.96,mobile,2026-03-16 18:27:18,0
285,773,232.253.215.5,desktop,2026-03-03 03:10:54,1
286,855,20.210.232.207,desktop,2025-11-19 07:38:36,1
287,161,183.207.200.60,mobile,2025-09-13 23:05:11,1
288,302,159.20.26.80,desktop,2026-04-21 12:03:28,1
289,773,246.221.53.210,tablet,2026-02-11 22:37:00,1
290,920,217.2.54.65,tablet,2026-01-02 23:08:26,1
291,416,235.153.139.74,mobile,2025-07-07 13:27:29,1
292,748,51.101.54.194,desktop,2026-03-31 14:25:34,1
293,655,210.170.153.137,desktop,2025-02-14 08:31:09,1
294,239,47.64.38.145,tablet,2025-07-28 22:48:34,1
295,281,153.222.186.126,tablet,2025-02-15 12:12:49,0
296,100,120.103.51.147,tablet,2026-02-19 20:00:14,0
297,832,158.28.181.81,mobile,2026-03-01 06:33:03,1
298,603,135.24.21.119,tablet,2025-08-22 11:23:11,1
299,328,112.203.167.117,mobile,2025-07-04 03:54:20,1
300,2,207.114.66.184,desktop,2026-02-27 20:14:49,1
301,407,142.177.244.130,mobile,2025-05-18 02:05:56,1
302,901,40.106.167.113,tablet,2026-02-03 22:30:09,1
303,500,96.250.6.253,tablet,2025-07-21 04:01:21,1
304,850,152.76.122.74,mobile,2025-10-07 09:16:44,1
305,679,73.77.209.154,tablet,2025-04-21 15:16:30,1
306,865,70.36.184.83,desktop,2025-03-26 08:29:35,1
307,919,53.155.132.60,desktop,2026-04-10 12:19:35,1
308,179,218.182.194.68,desktop,2025-05-27 21:48:17,1
309,849,49.140.151.156,mobile,2025-09-19 21:54:24,1
310,233,236.26.120.66,tablet,2025-04-04 18:54:57,1
311,253,165.236.73.207,mobile,2025-09-20 05:28:29,1
312,596,81.155.239.134,tablet,2025-02-06 03:08:47,1
313,759,91.148.99.51,tablet,2025-12-08 20:32:13,1
314,259,227.235.17.113,tablet,2025-02-16 06:26:31,1
315,317,212.212.86.48,mobile,2025-10-29 15:05:50,1
316,900,125.197.100.83,tablet,2026-03-15 00:18:35,1
317,989,80.243.85.20,tablet,2025-11-29 16:39:26,1
318,9,110.20.150.193,tablet,2025-04-03 18:27:57,1
319,227,148.167.205.6,mobile,2025-08-29 15:02:58,1
320,318,78.106.242.136,desktop,2025-01-06 17:42:43,1
321,741,136.252.180.129,mobile,2025-09-09 22:03:58,1
322,896,218.85.108.140,mobile,2025-02-28 12:33:46,1
323,144,188.56.155.147,desktop,2026-02-17 22:32:21,1
324,718,140.52.149.42,mobile,2025-02-11 03:01:11,1
325,808,112.187.58.183,desktop,2025-01-12 22:12:05,1
326,169,76.45.173.157,mobile,2025-11-10 12:26:50,1
327,389,15.216.217.184,tablet,2025-12-06 11:56:41,1
328,390,84.112.22.144,desktop,2025-07-12 07:36:33,1
329,843,233.240.236.86,mobile,2025-03-08 12:26:21,1
330,698,93.69.184.127,tablet,2025-01-15 21:55:25,1
331,890,93.176.226.169,tablet,2026-04-17 01:13:43,1
332,456,181.130.174.115,tablet,2026-04-08 06:34:59,1
333,782,221.237.218.251,desktop,2025-02-28 02:38:25,1
334,409,81.90.36.245,mobile,2025-07-18 23:49:04,1
335,885,166.157.220.245,desktop,2026-03-12 03:16:57,1
336,709,231.38.107.121,tablet,2025-12-08 12:59:33,1
337,782,176.198.58.41,mobile,2026-03-20 00:22:34,0
338,592,102.23.208.32,tablet,2026-03-28 11:18:08,0
339,207,13.36.29.203,desktop,2026-01-23 12:27:49,1
340,436,61.8.188.157,mobile,2025-12-11 14:45:22,1
341,921,113.131.98.252,tablet,2025-11-14 08:01:53,1
342,605,107.99.13.234,tablet,2025-06-09 01:54:48,1
343,308,14.174.91.75,mobile,2026-03-01 02:11:13,1
344,207,14.213.116.238,desktop,2025-02-18 19:50:52,1
345,131,161.61.14.35,desktop,2025-06-23 14:42:02,1
346,133,22.153.250.126,tablet,2025-12-23 19:41:21,1
347,71,226.71.15.93,mobile,2025-07-25 15:33:05,1
348,27,206.134.117.108,desktop,2025-08-14 18:32:08,1
349,295,86.36.106.127,tablet,2026-01-18 12:16:05,1
350,306,127.236.241.147,tablet,2025-06-03 04:12:50,1
351,731,201.52.147.7,desktop,2025-07-22 05:34:54,1
352,565,217.198.3.55,desktop,2025-04-18 05:46:06,1
353,820,109.24.76.115,mobile,2025-06-03 00:30:45,1
354,591,216.125.186.223,mobile,2025-05-03 01:44:25,1
355,89,182.125.252.176,tablet,2025-11-19 17:22:25,1
356,974,91.114.14.138,mobile,2025-06-01 20:27:57,1
357,646,234.170.73.216,desktop,2025-03-28 04:37:58,1
358,279,227.249.236.133,desktop,2025-06-15 23:20:02,1
359,572,93.104.140.97,mobile,2025-01-30 20:41:19,0
360,867,160.238.108.20,tablet,2025-04-02 14:51:33,1
361,640,57.120.123.43,tablet,2025-02-22 19:13:25,1
362,358,145.165.182.249,desktop,2025-05-13 15:15:53,1
363,165,75.178.108.134,tablet,2025-02-27 14:25:21,1
364,303,161.96.14.228,desktop,2025-11-17 13:57:42,1
365,300,203.125.82.229,desktop,2025-09-01 06:34:02,1
366,721,178.11.134.204,tablet,2025-10-09 04:51:51,1
367,765,133.134.129.212,mobile,2025-01-18 12:54:08,1
368,275,94.160.120.122,desktop,2025-04-15 19:48:16,1
369,729,185.129.239.202,tablet,2025-06-08 20:16:28,0
370,74,126.17.91.119,desktop,2025-08-27 20:42:06,1
371,255,37.194.100.122,tablet,2025-11-12 03:28:26,1
372,207,183.237.210.68,desktop,2026-01-19 06:33:03,1
373,502,201.172.128.159,mobile,2026-02-05 03:31:41,1
374,639,135.229.86.3,mobile,2025-11-06 13:31:14,1
375,57,7.157.110.234,mobile,2025-06-10 07:28:49,1
376,465,93.71.118.148,mobile,2026-04-05 23:53:29,1
377,481,245.168.149.168,desktop,2026-03-06 13:15:25,1
378,420,205.167.126.2,tablet,2025-04-18 11:28:44,1
379,304,145.120.198.115,tablet,2025-10-23 09:24:09,1
380,448,15.195.63.114,mobile,2025-09-20 23:00:07,1
381,390,125.89.105.197,mobile,2025-09-12 09:00:08,1
382,734,97.230.154.33,tablet,2025-04-01 04:15:37,1
383,312,169.164.108.106,desktop,2025-11-21 20:30:58,1
384,722,142.100.214.36,mobile,2025-08-19 01:39:54,1
385,455,180.67.103.179,desktop,2025-06-05 16:21:58,1
386,922,81.9.153.212,desktop,2025-12-13 18:06:44,1
387,586,135.148.220.80,mobile,2025-06-27 01:42:12,1
388,126,210.97.59.229,mobile,2025-03-08 03:12:29,1
389,192,90.218.225.76,desktop,2026-02-15 04:00:46,1
390,993,111.35.66.162,tablet,2025-09-25 21:08:13,1
391,288,52.4.214.62,desktop,2025-09-03 05:17:08,1
392,163,191.36.167.222,mobile,2025-11-29 23:49:29,1
393,948,107.143.241.230,tablet,2026-03-05 09:38:48,1
394,752,182.87.213.173,desktop,2025-05-13 00:14:31,1
395,292,131.3.251.35,tablet,2025-08-01 21:13:20,1
396,105,253.81.249.144,desktop,2025-02-08 11:43:01,1
397,826,188.170.84.1,desktop,2025-02-02 15:50:06,1
398,740,37.222.55.107,tablet,2025-11-04 01:47:55,0
399,685,17.113.123.39,desktop,2025-09-08 00:58:57,1
400,657,24.230.19.180,tablet,2025-06-09 22:16:06,1
401,68,76.189.229.158,mobile,2025-03-19 21:24:11,1
402,828,29.234.225.5,mobile,2025-03-15 21:34:13,1
403,603,156.116.181.195,mobile,2026-01-29 21:08:14,0
404,909,25.68.190.104,tablet,2025-07-13 13:51:06,1
405,63,138.135.54.157,tablet,2025-12-16 11:30:36,1
406,541,212.246.234.51,mobile,2026-01-17 15:09:24,1
407,150,183.174.246.53,tablet,2026-02-27 19:14:05,1
408,36,40.150.189.94,tablet,2026-02-08 08:31:54,1
409,126,176.177.175.218,desktop,2025-01-20 19:07:46,1
410,266,140.67.102.50,mobile,2025-08-09 22:52:10,1
411,724,131.17.219.101,tablet,2026-04-19 12:01:59,1
412,296,217.77.125.123,mobile,2025-05-18 02:59:07,1
413,215,150.69.203.167,mobile,2025-07-06 04:58:57,1
414,954,77.202.112.76,tablet,2025-07-30 17:51:12,1
415,730,9.140.244.158,tablet,2025-08-27 22:38:16,1
416,101,73.190.33.240,desktop,2025-04-06 12:29:59,1
417,871,236.151.129.8,tablet,2025-08-26 20:39:47,1
418,323,74.179.172.135,desktop,2025-09-03 15:34:19,1
419,650,167.82.50.150,desktop,2025-04-06 04:37:21,1
420,690,32.243.236.255,mobile,2025-05-11 02:27:27,1
421,836,38.204.50.232,tablet,2026-03-20 18:08:27,0
422,321,91.95.154.78,tablet,2025-01-30 12:53:53,1
423,249,115.79.183.182,tablet,2025-05-02 13:14:59,1
424,326,137.120.248.242,mobile,2026-04-05 04:51:50,1
425,252,121.178.215.33,mobile,2025-10-03 22:00:09,1
426,880,37.176.127.38,mobile,2026-03-28 19:52:09,1
427,808,88.202.146.117,desktop,2025-04-05 11:50:23,1
428,585,52.247.36.85,tablet,2025-08-02 05:04:08,1
429,259,40.250.21.217,tablet,2025-07-06 14:39:14,1
430,792,241.200.161.145,mobile,2025-12-22 13:28:12,1
431,29,94.134.229.157,mobile,2025-12-05 03:12:13,1
432,380,8.221.210.225,mobile,2025-12-07 15:33:07,1
433,665,51.251.65.76,mobile,2026-01-10 20:22:56,0
434,637,9.191.202.37,mobile,2025-02-09 03:06:52,1
435,44,233.76.210.238,mobile,2026-02-01 15:59:03,0
436,520,125.98.138.30,mobile,2025-05-12 01:00:58,1
437,476,166.222.36.109,mobile,2025-06-05 13:53:14,1
438,944,209.11.179.204,tablet,2025-01-25 12:55:05,1
439,260,212.203.211.213,tablet,2025-09-20 09:16:32,1
440,174,236.9.43.68,tablet,2025-01-06 17:59:36,1
441,74,30.71.252.96,desktop,2025-08-23 07:15:10,1
442,160,253.170.234.133,desktop,2025-12-23 13:26:53,1
443,936,165.97.180.250,desktop,2025-11-21 06:35:59,1
444,171,116.133.98.33,mobile,2025-03-26 15:04:19,1
445,272,91.15.126.247,tablet,2025-03-02 23:16:56,1
446,791,61.47.29.108,mobile,2025-04-30 22:13:24,0
447,848,50.45.89.235,desktop,2025-10-20 15:40:54,1
448,844,167.84.7.149,tablet,2025-06-06 11:46:37,1
449,784,143.182.191.30,desktop,2025-02-28 05:48:52,1
450,917,173.218.82.233,desktop,2025-01-26 11:34:51,1
451,729,56.123.68.181,desktop,2025-12-19 13:02:58,1
452,821,148.210.136.90,desktop,2025-12-28 05:14:32,0
453,867,163.27.229.10,mobile,2025-08-07 03:09:44,1
454,115,54.67.131.141,mobile,2026-02-25 23:54:50,1
455,310,76.99.108.44,tablet,2026-02-20 14:44:40,1
456,770,162.23.55.114,desktop,2025-01-04 21:19:14,1
457,314,168.10.181.136,mobile,2025-04-12 18:44:52,1
458,50,255.189.178.222,desktop,2026-03-09 23:22:21,0
459,253,115.224.65.103,desktop,2026-04-05 04:34:51,1
460,73,208.61.110.25,mobile,2025-10-06 14:05:35,1
461,308,141.227.230.71,mobile,2026-01-30 14:30:42,1
462,76,107.166.88.106,tablet,2025-09-16 00:30:50,1
463,851,140.78.239.87,mobile,2026-04-09 20:14:54,1
464,868,103.242.118.223,tablet,2025-04-14 20:56:30,1
465,264,52.188.59.235,mobile,2026-03-13 15:16:28,1
466,210,184.158.59.154,tablet,2025-04-23 18:41:06,1
467,613,229.54.245.163,tablet,2026-02-14 06:02:55,1
468,477,82.249.197.191,mobile,2025-11-01 14:38:22,1
469,603,245.97.129.101,desktop,2025-01-24 03:53:33,0
470,662,142.26.236.185,desktop,2025-08-25 01:23:54,1
471,285,109.120.234.2,mobile,2025-06-16 01:07:19,1
472,706,231.148.128.146,mobile,2026-03-13 23:41:55,1
473,778,244.36.97.82,desktop,2025-03-01 02:18:02,1
474,930,101.122.59.75,desktop,2025-09-09 21:42:04,0
475,620,180.142.24.141,tablet,2025-05-06 20:14:53,1
476,754,234.126.183.46,mobile,2025-03-04 21:28:31,1
477,4,222.126.247.84,desktop,2025-10-24 05:55:31,1
478,209,195.118.157.206,desktop,2026-02-25 01:35:54,1
479,811,255.126.4.106,mobile,2025-11-10 06:53:01,1
480,278,88.198.37.41,mobile,2026-02-06 12:49:31,1
481,681,233.122.176.183,tablet,2025-11-01 09:28:42,0
482,412,228.9.128.89,mobile,2025-01-09 21:21:22,1
483,629,48.133.49.36,desktop,2026-04-02 23:17:42,1
484,763,118.75.49.79,mobile,2026-01-14 16:24:03,1
485,716,64.161.15.130,desktop,2025-10-01 18:28:47,0
486,239,140.37.43.169,tablet,2025-12-02 17:24:04,1
487,489,139.47.159.4,desktop,2025-09-29 15:35:20,1
488,78,201.121.30.64,tablet,2026-04-12 08:26:50,1
489,426,103.251.192.131,mobile,2025-12-16 19:46:48,1
490,44,245.230.225.165,mobile,2026-01-23 20:35:02,1
491,832,1.103.59.172,desktop,2025-10-07 04:57:13,1
492,129,117.201.40.189,tablet,2025-01-19 17:02:24,1
493,814,63.196.77.188,tablet,2025-08-26 05:43:47,1
494,400,5.38.173.17,desktop,2025-03-06 00:18:44,1
495,55,226.39.44.14,tablet,2025-02-27 23:17:24,1
496,769,121.133.171.176,mobile,2025-07-31 03:03:34,1
497,644,131.11.244.74,mobile,2025-02-04 10:32:51,1
498,194,198.207.234.225,mobile,2025-03-08 05:51:19,1
499,452,22.160.207.191,mobile,2025-06-18 04:36:21,1
500,205,142.197.176.45,tablet,2025-02-17 18:59:45,1
501,925,65.60.14.79,desktop,2025-07-07 10:18:44,0
502,336,99.242.142.82,mobile,2025-06-20 14:15:23,1
503,192,248.49.230.69,tablet,2025-06-22 17:58:49,1
504,83,54.240.152.91,desktop,2025-08-23 23:58:41,1
505,931,129.68.173.217,mobile,2025-07-20 17:46:24,1
506,838,96.163.202.106,mobile,2025-11-02 05:57:41,1
507,731,222.192.17.36,mobile,2026-04-24 14:28:16,1
508,782,126.71.24.242,desktop,2025-02-17 07:34:10,1
509,972,251.255.174.54,tablet,2026-04-14 17:04:31,1
510,246,153.236.97.198,mobile,2025-12-26 23:41:46,1
511,39,10.254.192.55,mobile,2026-01-28 09:05:51,0
512,850,140.100.246.100,mobile,2025-11-06 14:59:29,1
513,172,236.26.135.62,desktop,2025-01-09 03:56:22,1
514,161,187.107.255.232,desktop,2026-04-26 07:56:41,1
515,767,17.152.206.33,tablet,2025-06-13 23:46:43,1
516,533,5.115.143.116,desktop,2025-07-15 02:57:44,0
517,875,138.93.179.188,mobile,2025-06-12 10:01:02,0
518,637,96.40.8.105,desktop,2025-05-09 12:38:58,1
519,247,235.247.240.160,desktop,2025-05-25 08:45:38,1
520,530,169.235.126.136,mobile,2025-06-01 16:13:59,1
521,836,161.34.1.37,desktop,2026-01-31 22:22:07,1
522,780,79.152.255.92,desktop,2025-03-08 12:10:40,1
523,551,103.223.19.254,desktop,2025-05-11 19:38:22,1
524,718,9.177.87.104,mobile,2025-01-15 21:42:35,1
525,761,36.39.249.75,tablet,2025-09-14 16:41:47,1
526,459,221.86.14.220,tablet,2026-03-03 03:27:07,1
527,935,46.185.76.138,mobile,2025-09-05 14:04:40,1
528,978,125.216.105.182,tablet,2025-04-14 22:11:01,1
529,230,132.237.179.158,mobile,2025-07-30 03:18:17,0
530,17,56.204.144.1,tablet,2025-07-12 00:01:02,1
531,859,62.69.125.161,mobile,2025-01-12 20:32:32,1
532,28,46.76.231.23,mobile,2025-04-16 14:15:45,1
533,685,213.63.163.205,tablet,2025-11-11 09:31:13,1
534,625,243.103.182.252,desktop,2025-05-23 06:51:38,1
535,170,88.195.218.87,tablet,2025-07-25 18:16:01,1
536,416,25.243.225.23,mobile,2025-06-23 04:16:45,1
537,884,198.118.4.62,tablet,2025-03-27 00:07:37,0
538,127,224.107.102.84,mobile,2025-07-13 20:16:48,1
539,74,60.125.119.156,desktop,2026-04-12 14:41:13,1
540,243,198.170.65.191,tablet,2025-03-08 17:06:04,1
541,627,142.239.82.32,mobile,2025-08-24 10:18:42,1
542,549,240.113.166.3,mobile,2025-09-01 02:43:23,1
543,566,92.235.208.113,desktop,2025-12-22 16:52:32,1
544,631,177.249.235.33,tablet,2025-08-29 13:36:15,1
545,925,255.51.206.240,mobile,2026-01-31 19:20:09,1
546,457,237.29.26.197,mobile,2026-02-25 06:03:38,1
547,201,15.220.27.217,desktop,2026-03-10 04:15:24,1
548,979,173.36.140.124,tablet,2025-11-04 15:28:22,1
549,499,104.38.88.224,tablet,2026-02-22 03:39:15,1
550,123,178.66.8.37,mobile,2026-02-20 12:13:02,1
551,577,62.105.30.108,mobile,2025-08-09 20:15:11,1
552,646,32.168.6.227,mobile,2025-09-15 02:23:59,1
553,898,23.71.50.121,mobile,2025-01-02 22:41:08,1
554,859,156.217.240.243,desktop,2026-01-09 05:37:55,1
555,64,25.178.86.133,mobile,2025-01-23 13:32:44,0
556,681,32.48.35.148,mobile,2025-06-12 11:14:05,1
557,933,137.140.111.213,mobile,2025-11-15 05:33:53,1
558,984,40.152.179.232,tablet,2025-07-03 04:24:42,1
559,785,80.253.150.8,mobile,2025-08-01 00:56:32,1
560,919,123.215.61.41,tablet,2025-11-17 08:13:40,1
561,298,73.205.14.13,tablet,2025-08-24 17:03:35,1
562,713,183.65.180.202,desktop,2025-11-16 17:45:01,0
563,118,218.98.61.160,tablet,2025-10-26 01:41:56,1
564,797,202.130.40.1,tablet,2025-03-16 05:33:13,1
565,303,4.220.188.10,mobile,2026-01-04 06:52:22,1
566,206,202.207.88.191,tablet,2025-12-26 01:10:16,1
567,212,123.49.63.83,mobile,2025-04-09 15:13:13,0
568,790,50.40.157.173,desktop,2025-05-04 21:03:14,1
569,36,173.138.33.40,tablet,2025-11-15 02:30:30,1
570,636,211.250.239.34,desktop,2025-10-17 14:03:00,1
571,50,95.218.125.109,desktop,2026-03-01 20:26:04,1
572,722,196.195.176.105,desktop,2025-07-18 13:18:25,0
573,68,250.112.111.141,tablet,2025-08-01 13:13:10,1
574,378,7.208.21.107,desktop,2026-02-12 21:15:05,1
575,792,200.218.243.14,tablet,2025-07-12 18:41:14,1
576,968,67.131.240.58,tablet,2026-04-27 03:01:56,1
577,30,249.45.46.78,mobile,2025-10-16 05:23:06,1
578,6,233.78.74.115,tablet,2025-07-04 22:33:04,1
579,562,19.89.248.235,mobile,2025-04-28 19:16:20,1
580,388,11.211.233.140,desktop,2025-01-20 08:55:35,1
581,355,24.89.217.61,tablet,2025-10-10 20:31:00,1
582,308,134.239.51.221,tablet,2025-10-19 13:21:50,1
583,288,112.108.138.156,desktop,2025-06-13 20:46:14,1
584,894,2.21.175.120,desktop,2026-02-22 09:17:52,1
585,692,92.189.251.195,tablet,2025-03-26 08:15:07,1
586,147,234.219.99.30,desktop,2026-03-25 06:32:39,1
587,804,211.53.102.142,desktop,2025-05-26 05:39:27,0
588,141,68.87.164.169,tablet,2025-09-06 14:21:00,1
589,407,127.69.196.238,mobile,2026-04-18 11:30:11,1
590,336,175.128.14.51,tablet,2026-02-28 12:26:38,1
591,779,47.106.14.112,mobile,2025-06-22 08:56:40,1
592,778,41.146.101.94,tablet,2025-09-04 17:04:14,1
593,243,204.7.30.142,tablet,2025-07-02 03:44:31,1
594,538,4.123.171.133,mobile,2026-02-08 18:40:41,1
595,891,122.217.51.186,desktop,2025-12-22 09:36:10,1
596,214,254.233.19.131,tablet,2026-01-17 22:29:57,1
597,622,52.112.104.99,mobile,2025-12-15 23:04:14,1
598,254,197.249.30.11,mobile,2025-08-01 10:31:16,1
599,97,194.182.151.134,desktop,2025-07-31 21:25:48,1
600,333,253.252.84.148,mobile,2026-03-10 17:45:41,1
601,541,9.30.68.116,tablet,2025-04-08 00:02:00,1
602,723,200.93.23.97,tablet,2025-11-04 22:17:38,1
603,332,148.171.185.140,desktop,2025-09-09 03:44:23,1
604,630,214.139.2.118,desktop,2025-09-16 09:42:08,1
605,341,226.118.142.109,tablet,2026-02-21 15:13:16,0
606,17,103.6.224.32,tablet,2025-09-03 13:08:05,1
607,278,74.8.24.246,desktop,2025-09-26 23:59:40,1
608,403,23.185.12.232,tablet,2026-04-30 05:39:08,1
609,971,99.133.172.162,mobile,2025-06-10 02:56:36,1
610,16,115.151.178.206,tablet,2025-12-14 18:12:59,0
611,273,23.80.70.253,mobile,2025-01-08 16:20:26,1
612,114,198.57.22.232,tablet,2025-06-03 19:06:36,1
613,834,199.204.27.5,mobile,2025-12-29 16:47:39,1
614,76,136.8.79.203,mobile,2025-06-19 22:36:04,1
615,545,191.116.180.95,mobile,2025-01-18 06:43:32,1
616,65,223.45.142.82,mobile,2026-04-05 00:18:33,1
617,822,167.11.191.164,desktop,2025-11-08 07:17:37,0
618,281,228.116.179.132,desktop,2025-09-22 15:20:27,1
619,65,211.126.117.151,mobile,2025-04-20 00:59:24,0
620,443,63.116.142.24,mobile,2025-08-14 14:03:55,1
621,608,8.175.241.171,tablet,2025-08-31 13:02:03,1
622,812,232.107.62.35,desktop,2026-02-22 12:28:02,1
623,65,92.88.87.41,mobile,2025-08-05 23:39:37,1
624,327,66.140.122.17,tablet,2025-07-29 19:03:48,1
625,624,206.25.118.237,desktop,2025-04-29 14:09:34,1
626,30,154.157.222.180,mobile,2025-02-14 11:51:53,1
627,748,89.158.143.144,tablet,2025-04-07 19:23:53,1
628,310,26.193.134.22,tablet,2025-07-05 00:05:36,1
629,426,54.125.173.25,desktop,2025-01-09 01:00:35,1
630,980,98.33.94.253,mobile,2025-08-08 14:28:47,1
631,546,114.113.173.104,desktop,2025-05-15 16:02:12,1
632,689,57.216.222.129,mobile,2025-02-22 04:11:54,1
633,348,8.230.215.60,mobile,2025-05-03 05:05:54,1
634,357,8.214.213.87,tablet,2025-09-24 13:34:01,1
635,66,88.91.45.229,mobile,2026-02-22 01:03:21,1
636,135,81.90.56.77,tablet,2026-04-02 08:48:58,1
637,830,128.154.126.171,tablet,2025-01-12 06:12:35,1
638,644,208.82.67.119,desktop,2025-06-28 11:21:37,1
639,662,160.155.203.98,desktop,2025-02-09 18:50:09,1
640,547,186.129.71.40,tablet,2025-06-16 15:11:21,1
641,758,116.240.195.55,tablet,2025-03-30 21:49:59,1
642,156,216.205.68.134,tablet,2025-05-04 04:42:10,1
643,155,215.132.199.9,mobile,2025-08-25 04:18:41,0
644,117,62.134.248.60,desktop,2025-05-31 12:17:18,1
645,507,153.71.143.179,desktop,2026-01-02 18:29:47,1
646,953,1.225.227.56,mobile,2025-03-20 00:18:04,1
647,521,4.145.215.117,mobile,2026-04-10 09:46:33,1
648,960,89.24.75.250,mobile,2025-05-18 03:41:05,1
649,634,209.237.51.26,tablet,2025-12-04 01:21:00,0
650,786,148.248.179.8,mobile,2025-09-18 13:18:45,1
651,592,218.252.8.88,tablet,2025-08-06 18:34:34,1
652,560,210.75.173.111,tablet,2025-12-29 02:56:07,1
653,16,14.46.201.158,desktop,2026-01-17 05:48:30,1
654,217,137.158.174.245,desktop,2025-09-20 21:14:38,1
655,196,61.93.194.97,mobile,2025-04-11 07:28:42,1
656,217,94.123.212.141,mobile,2025-08-30 17:06:21,1
657,235,159.143.111.118,mobile,2025-08-23 12:43:37,1
658,186,111.253.219.171,desktop,2025-01-17 06:38:33,1
659,625,223.221.213.153,desktop,2025-04-27 05:07:06,1
660,694,32.179.222.33,mobile,2025-07-03 11:17:19,1
661,929,172.1.202.36,desktop,2025-01-21 04:44:08,0
662,969,180.235.222.229,mobile,2025-07-24 09:41:25,1
663,912,175.101.97.86,mobile,2026-04-04 03:23:42,1
664,32,8.119.178.213,tablet,2025-08-30 19:30:28,1
665,590,13.109.61.49,tablet,2026-03-27 20:53:08,0
666,51,141.8.182.80,tablet,2025-02-20 22:03:33,1
667,663,70.163.109.181,desktop,2025-02-18 09:21:01,1
668,579,83.48.66.167,mobile,2025-08-23 01:34:55,1
669,646,12.116.19.25,mobile,2025-07-03 18:31:36,1
670,453,51.85.120.114,tablet,2025-06-18 10:08:31,1
671,71,68.152.132.99,desktop,2025-06-23 15:15:45,1
672,746,30.23.97.151,mobile,2025-07-11 03:06:45,1
673,863,131.124.41.98,desktop,2026-03-08 01:46:22,1
674,425,27.139.246.118,mobile,2025-01-06 02:02:45,1
675,611,56.188.211.232,desktop,2025-05-19 17:22:59,1
676,423,107.195.72.161,mobile,2025-11-04 21:17:32,1
677,824,135.238.186.177,desktop,2026-01-11 09:35:40,1
678,405,96.29.99.236,tablet,2025-03-10 02:00:20,1
679,626,145.7.201.81,tablet,2025-11-01 02:59:49,1
680,696,245.59.49.42,tablet,2025-10-03 12:12:01,1
681,211,252.101.228.181,desktop,2025-03-19 02:09:59,1
682,390,127.200.155.18,tablet,2025-06-04 03:25:55,1
683,432,169.221.20.198,mobile,2026-01-15 03:11:51,1
684,879,64.157.86.189,desktop,2025-01-30 05:57:36,1
685,796,143.49.173.202,desktop,2026-03-05 17:29:36,1
686,531,95.182.209.176,tablet,2025-12-17 20:37:08,1
687,259,40.166.70.76,desktop,2025-11-09 06:18:51,1
688,451,183.162.28.162,desktop,2026-04-14 07:28:48,1
689,434,87.220.79.189,mobile,2025-03-08 19:08:48,1
690,612,31.43.132.71,desktop,2025-09-12 07:07:47,1
691,63,30.133.5.247,tablet,2026-02-05 14:24:19,0
692,360,63.167.175.54,mobile,2025-05-21 06:21:06,1
693,425,210.66.230.116,desktop,2025-08-11 15:08:14,1
694,832,124.30.237.54,tablet,2026-03-16 04:38:07,0
695,550,33.174.96.79,mobile,2025-09-02 09:03:27,1
696,896,131.158.132.230,tablet,2025-08-20 09:59:34,1
697,569,72.63.43.41,tablet,2025-06-19 22:00:46,1
698,868,134.225.135.165,tablet,2025-08-08 22:23:44,1
699,288,218.92.233.28,desktop,2025-08-02 01:01:49,0
700,335,102.212.25.116,desktop,2026-03-06 08:50:36,1
701,863,2.207.117.170,desktop,2025-09-07 16:22:31,1
702,906,96.164.141.46,tablet,2025-05-14 13:42:53,1
703,764,174.76.228.216,mobile,2025-04-14 11:30:59,1
704,660,14.62.194.50,mobile,2025-07-15 16:12:35,1
705,145,97.143.69.192,desktop,2025-10-10 17:39:22,1
706,805,136.8.133.143,mobile,2025-07-08 23:33:53,1
707,542,85.130.30.147,tablet,2026-01-10 18:52:43,1
708,879,35.224.203.105,tablet,2025-06-29 11:54:26,1
709,707,187.166.236.249,desktop,2025-01-09 22:01:13,1
710,283,157.154.70.80,mobile,2025-03-25 21:21:14,1
711,398,133.179.138.95,tablet,2026-02-08 17:54:33,1
712,48,202.222.156.200,mobile,2026-03-09 06:24:59,1
713,634,150.84.135.163,desktop,2025-09-06 04:37:03,1
714,780,191.252.212.243,mobile,2025-02-10 14:49:59,1
715,366,168.190.161.137,mobile,2025-10-09 04:08:48,1
716,60,121.122.27.104,tablet,2025-12-14 07:32:56,0
717,433,203.143.255.48,tablet,2026-02-28 06:09:12,1
718,1,113.169.89.117,mobile,2025-12-26 14:14:24,1
719,769,36.167.205.41,mobile,2025-03-17 15:29:47,1
720,488,38.87.174.71,desktop,2025-08-14 16:57:06,1
721,154,74.47.13.23,mobile,2025-07-26 00:41:59,1
722,764,120.162.40.97,mobile,2025-05-28 21:56:03,1
723,291,3.89.192.40,desktop,2026-04-09 06:10:23,1
724,251,226.56.90.159,mobile,2026-03-18 03:10:11,1
725,558,222.126.88.247,mobile,2025-02-10 20:04:39,1
726,844,25.12.146.181,mobile,2025-07-07 12:59:50,1
727,939,125.143.67.184,tablet,2025-01-31 12:07:20,0
728,769,3.80.227.147,desktop,2026-04-23 20:45:05,1
729,759,59.172.229.32,tablet,2025-11-11 15:59:06,1
730,513,207.94.141.181,tablet,2025-01-13 19:38:38,1
731,395,143.81.188.163,tablet,2025-10-19 03:25:24,1
732,137,154.87.155.248,mobile,2026-01-23 01:10:44,1
733,755,49.172.140.3,desktop,2026-01-08 02:09:18,0
734,912,11.67.222.217,mobile,2025-12-01 18:40:31,1
735,156,46.229.179.186,mobile,2025-11-17 20:45:37,1
736,410,199.196.144.233,tablet,2025-05-05 02:00:17,1
737,266,205.181.204.70,mobile,2025-08-07 08:02:06,1
738,836,29.10.247.141,desktop,2025-05-19 15:43:01,1
739,199,202.250.161.182,tablet,2025-04-26 12:25:18,0
740,358,169.113.145.252,mobile,2025-06-20 21:01:00,1
741,161,74.127.205.112,mobile,2026-04-04 13:51:36,1
742,585,13.26.240.55,desktop,2025-11-16 17:58:43,1
743,383,181.153.42.238,desktop,2025-07-13 10:16:52,1
744,997,159.100.114.111,tablet,2026-03-26 22:14:05,0
745,323,97.168.214.29,tablet,2025-03-14 00:47:58,1
746,317,48.151.140.164,mobile,2025-10-03 17:30:06,1
747,662,182.244.243.71,tablet,2025-09-17 02:36:56,0
748,753,120.92.154.74,desktop,2025-10-17 05:36:39,1
749,975,127.214.45.133,tablet,2025-06-04 07:41:37,1
750,593,150.85.73.73,desktop,2026-04-27 18:03:01,1
751,193,247.103.191.250,mobile,2025-01-21 01:36:42,1
752,893,88.44.216.71,mobile,2026-02-22 09:12:48,1
753,598,248.112.213.101,desktop,2025-04-29 06:24:51,1
754,784,13.225.245.74,desktop,2025-03-24 13:06:00,1
755,559,126.167.51.105,desktop,2025-12-14 18:39:26,1
756,164,10.243.209.143,desktop,2025-11-16 06:51:57,1
757,276,221.138.195.145,tablet,2026-02-14 21:17:15,1
758,408,188.170.215.17,tablet,2026-04-18 18:59:52,1
759,205,182.215.81.5,desktop,2025-04-09 19:16:05,1
760,629,198.118.91.12,mobile,2026-02-28 23:38:38,0
761,745,117.134.2.153,tablet,2025-10-20 19:35:26,1
762,665,141.58.119.130,mobile,2025-05-28 01:00:42,0
763,156,207.178.92.2,desktop,2025-10-01 06:53:00,1
764,2,170.57.113.157,mobile,2025-10-01 16:14:13,1
765,862,14.164.54.73,desktop,2025-02-27 03:44:35,1
766,39,130.250.120.31,mobile,2025-03-13 04:10:28,1
767,89,190.117.131.108,desktop,2026-03-29 10:02:44,1
768,895,83.31.237.114,mobile,2025-05-19 02:35:48,1
769,584,164.145.249.228,mobile,2025-11-19 15:11:04,1
770,514,14.12.157.207,mobile,2025-09-06 21:38:38,0
771,229,25.148.30.235,tablet,2025-02-18 11:44:37,1
772,595,245.150.120.254,tablet,2025-11-08 10:08:16,1
773,820,88.134.248.64,tablet,2025-05-24 02:50:38,1
774,13,243.99.88.60,tablet,2025-06-26 04:49:55,0
775,745,93.12.105.124,desktop,2025-09-12 03:43:15,1
776,942,43.89.98.137,mobile,2025-02-22 15:01:29,1
777,414,73.179.76.218,desktop,2026-03-27 16:16:17,1
778,84,231.252.86.133,tablet,2025-08-13 12:24:04,1
779,119,230.103.252.132,tablet,2025-07-07 12:45:36,1
780,451,69.45.69.140,desktop,2025-07-26 18:49:06,1
781,428,178.141.225.43,tablet,2025-04-27 23:43:59,1
782,852,227.132.28.49,desktop,2025-07-24 05:40:37,1
783,148,41.201.154.251,desktop,2025-10-23 16:07:27,1
784,134,137.33.217.26,mobile,2025-09-16 16:43:03,0
785,14,45.39.186.138,desktop,2025-05-05 00:52:40,1
786,714,46.203.38.154,mobile,2025-06-28 15:54:30,1
787,298,146.129.132.236,desktop,2025-02-22 19:47:51,1
788,476,116.250.230.71,mobile,2026-02-12 12:27:44,1
789,198,186.64.52.12,desktop,2025-11-04 00:00:07,1
790,503,152.113.133.255,tablet,2025-08-29 16:52:11,1
791,423,236.72.62.113,mobile,2025-09-30 07:59:11,1
792,841,224.249.94.130,tablet,2026-04-25 23:18:44,1
793,956,46.204.15.180,mobile,2025-01-07 21:58:53,1
794,729,16.93.246.210,desktop,2025-05-09 00:18:31,0
795,205,63.61.118.80,tablet,2026-03-29 08:46:49,0
796,716,68.183.209.64,mobile,2025-11-27 13:44:04,1
797,505,170.36.184.71,tablet,2025-01-30 13:17:13,1
798,644,178.101.3.164,mobile,2025-05-15 10:10:34,1
799,362,101.61.64.196,tablet,2025-06-22 08:01:48,1
800,503,68.54.104.66,mobile,2025-11-02 23:08:17,1
801,873,48.13.22.62,tablet,2026-04-28 10:02:03,1
802,56,27.190.129.125,tablet,2025-12-02 20:53:35,1
803,305,95.65.181.222,desktop,2025-06-05 18:56:50,1
804,452,88.3.107.7,tablet,2025-08-01 18:59:43,1
805,237,74.115.115.178,tablet,2025-03-11 18:40:52,1
806,833,42.197.167.41,mobile,2026-04-05 11:06:12,0
807,232,252.13.199.219,tablet,2025-08-08 05:17:33,1
808,420,77.52.175.225,desktop,2025-09-05 19:03:51,1
809,206,72.81.35.37,tablet,2025-05-22 23:49:13,1
810,14,107.2.152.97,desktop,2026-01-24 17:15:15,1
811,78,165.110.158.97,desktop,2025-07-21 12:57:21,1
812,914,225.110.116.246,desktop,2025-06-07 08:52:56,1
813,691,128.250.75.103,mobile,2025-03-31 17:09:19,1
814,574,107.213.115.107,tablet,2025-04-28 23:22:54,1
815,829,98.82.59.30,desktop,2025-05-03 03:51:55,1
816,173,167.145.47.115,desktop,2025-04-15 15:48:24,1
817,127,98.19.82.179,tablet,2025-10-22 08:02:09,1
818,129,53.143.228.60,tablet,2025-08-14 07:43:36,1
819,120,132.25.216.44,mobile,2025-01-07 13:58:57,1
820,943,202.166.203.183,mobile,2025-01-28 21:00:40,0
821,901,78.250.15.76,tablet,2025-06-05 02:29:38,1
822,1000,226.221.108.94,tablet,2025-09-10 04:57:13,1
823,660,1.171.85.208,mobile,2026-04-02 15:51:27,1
824,312,31.192.17.204,desktop,2025-06-30 14:05:31,0
825,299,34.81.226.66,desktop,2026-03-30 21:23:39,1
826,943,238.187.198.79,mobile,2025-05-12 11:29:30,1
827,334,66.131.177.7,mobile,2025-02-13 10:20:30,1
828,829,11.31.28.99,desktop,2025-12-08 14:11:08,1
829,221,140.160.175.85,tablet,2026-01-02 05:39:18,1
830,335,245.209.168.131,tablet,2025-05-14 07:04:51,1
831,386,186.244.111.108,tablet,2026-03-28 17:25:50,0
832,799,198.55.47.60,desktop,2025-11-28 16:20:07,1
833,233,113.176.159.178,tablet,2025-08-21 21:39:53,1
834,246,126.199.109.149,mobile,2025-12-26 22:42:24,1
835,578,57.223.160.132,desktop,2025-12-13 11:59:20,0
836,184,157.79.237.118,tablet,2026-01-01 06:19:02,1
837,506,3.211.3.207,tablet,2025-07-27 06:06:15,1
838,541,30.148.230.99,mobile,2025-06-08 13:49:04,1
839,791,168.12.106.85,mobile,2025-03-26 16:52:41,1
840,738,48.4.96.48,desktop,2025-06-14 20:15:20,1
841,396,119.204.112.29,tablet,2026-03-21 19:40:29,1
842,931,215.190.109.152,mobile,2025-06-09 19:11:56,1
843,580,216.22.120.208,mobile,2025-08-28 04:44:51,1
844,599,75.94.168.118,mobile,2025-03-30 16:19:43,1
845,611,89.67.40.184,desktop,2026-04-02 02:53:18,1
846,227,42.112.137.45,tablet,2025-10-03 15:18:42,1
847,751,40.201.208.160,mobile,2026-01-02 23:15:27,1
848,115,50.95.94.13,mobile,2025-12-18 23:35:04,1
849,174,88.161.24.201,tablet,2026-03-13 16:12:34,1
850,608,9.123.113.63,tablet,2026-02-26 04:33:25,1
851,678,215.172.216.47,mobile,2025-03-05 03:41:18,1
852,956,13.2.143.145,mobile,2026-04-10 14:11:36,1
853,499,150.25.223.39,desktop,2025-12-16 12:33:27,1
854,853,165.248.4.80,mobile,2025-10-06 11:47:11,1
855,141,190.123.104.71,tablet,2025-07-14 14:55:02,1
856,770,100.45.18.104,tablet,2025-08-16 14:03:22,1
857,26,189.130.133.77,mobile,2025-03-22 20:01:31,1
858,950,128.131.186.62,mobile,2026-04-04 04:13:15,1
859,307,108.157.164.77,tablet,2026-04-18 11:03:25,1
860,150,229.40.174.128,tablet,2025-01-03 22:14:23,1
861,554,167.154.122.140,desktop,2025-12-21 18:08:53,1
862,303,202.130.87.1,mobile,2025-10-03 04:30:02,0
863,905,48.53.48.78,tablet,2025-01-02 00:03:01,1
864,609,22.78.113.127,mobile,2026-03-27 12:27:30,1
865,579,60.17.115.110,tablet,2025-03-13 10:12:35,0
866,627,153.228.72.40,desktop,2025-05-24 00:52:37,1
867,415,242.227.188.131,desktop,2026-03-07 14:07:12,1
868,670,51.248.248.122,mobile,2025-12-05 12:34:31,1
869,448,247.117.250.157,mobile,2025-12-26 05:25:32,1
870,350,152.5.34.146,mobile,2025-01-02 18:53:31,1
871,846,134.11.228.144,mobile,2026-02-10 16:52:40,0
872,365,183.124.68.122,mobile,2026-04-07 13:19:12,1
873,305,200.159.119.20,desktop,2025-11-13 15:49:07,1
874,606,151.58.33.205,mobile,2025-10-09 20:39:04,0
875,869,141.95.164.194,mobile,2026-01-10 19:13:47,1
876,930,104.171.153.232,tablet,2025-02-23 07:56:40,1
877,560,6.246.93.27,mobile,2025-10-01 04:45:48,1
878,367,113.27.115.159,mobile,2025-03-23 14:04:47,1
879,783,159.156.216.252,desktop,2025-06-22 01:23:07,1
880,396,228.177.172.32,desktop,2025-02-28 07:19:45,1
881,16,142.101.166.68,mobile,2025-02-21 02:46:21,1
882,969,143.39.229.71,tablet,2025-11-11 23:12:35,1
883,919,6.231.234.33,desktop,2025-12-05 19:01:51,0
884,861,44.57.243.224,mobile,2025-06-01 02:58:19,1
885,708,160.96.41.11,tablet,2025-01-27 21:44:10,1
886,188,18.65.241.125,desktop,2025-06-29 12:54:39,1
887,81,179.46.246.1,mobile,2025-09-12 17:40:28,1
888,447,165.227.238.1,tablet,2025-09-11 00:33:40,1
889,582,101.228.153.177,desktop,2025-09-24 04:33:45,1
890,418,142.230.217.35,desktop,2026-03-21 14:22:54,1
891,359,82.156.183.43,tablet,2025-06-10 11:21:09,1
892,672,113.44.191.203,tablet,2025-07-31 03:02:20,1
893,189,21.227.79.216,tablet,2026-04-05 01:14:13,1
894,924,205.31.98.64,tablet,2025-10-20 06:45:13,1
895,869,156.134.238.31,tablet,2025-01-11 19:21:20,1
896,198,14.203.45.21,mobile,2025-01-16 04:39:25,1
897,424,118.249.145.219,mobile,2025-08-30 11:36:17,0
898,705,128.233.22.72,tablet,2025-07-28 19:27:37,1
899,95,44.235.222.118,tablet,2025-05-02 05:45:31,0
900,746,122.119.232.184,tablet,2026-04-22 12:02:45,1
901,594,48.153.147.193,mobile,2025-01-07 07:39:49,1
902,541,6.71.160.91,tablet,2025-09-04 05:13:30,1
903,710,164.66.64.195,desktop,2026-01-29 13:02:19,1
904,10,11.160.54.109,mobile,2025-11-03 23:22:52,1
905,893,39.2.72.138,mobile,2025-07-02 20:42:57,0
906,112,218.248.79.89,desktop,2025-09-29 09:31:12,0
907,77,74.144.245.111,mobile,2025-08-15 23:35:03,0
908,23,90.3.124.65,desktop,2025-02-07 12:20:38,1
909,340,105.194.219.34,desktop,2025-05-08 11:55:47,1
910,751,134.229.45.14,tablet,2025-08-06 23:01:02,1
911,122,77.185.232.85,mobile,2026-01-20 06:42:50,1
912,582,34.102.160.227,mobile,2025-05-04 09:11:06,1
913,736,68.183.186.125,mobile,2025-10-30 04:38:51,1
914,152,193.96.95.63,desktop,2025-05-26 12:05:28,0
915,655,84.104.22.36,desktop,2025-12-30 17:19:49,1
916,485,1.14.253.96,desktop,2025-04-26 04:24:52,1
917,68,110.53.8.55,mobile,2025-10-10 18:18:48,1
918,939,68.140.178.101,desktop,2025-12-04 08:39:46,1
919,570,120.122.64.160,desktop,2025-01-18 03:36:55,1
920,476,194.95.33.215,desktop,2025-07-10 04:25:13,0
921,788,206.91.253.160,desktop,2025-05-04 23:40:15,1
922,31,86.215.239.24,tablet,2025-06-23 00:32:34,1
923,313,153.161.129.6,tablet,2026-01-22 10:56:16,1
924,456,237.154.18.12,mobile,2025-04-14 16:14:45,1
925,203,72.18.209.234,desktop,2025-07-11 17:55:34,1
926,332,54.48.20.163,tablet,2025-05-01 01:08:05,1
927,956,238.181.66.125,tablet,2025-02-16 11:51:25,1
928,816,119.92.88.173,desktop,2025-09-23 21:57:38,1
929,843,187.158.86.194,mobile,2025-06-01 06:59:39,0
930,298,170.116.119.128,tablet,2025-03-11 01:38:01,1
931,344,247.159.66.128,tablet,2025-03-11 19:49:36,0
932,289,198.64.175.124,mobile,2025-11-08 02:51:11,1
933,368,150.228.215.61,desktop,2025-11-03 14:40:51,0
934,857,54.42.113.242,desktop,2025-11-07 11:16:27,1
935,293,171.43.173.110,tablet,2025-12-08 02:52:58,1
936,521,246.211.82.44,mobile,2025-04-11 08:06:50,1
937,527,11.126.225.46,tablet,2025-08-03 02:16:15,1
938,726,101.85.107.137,mobile,2025-05-14 17:17:23,1
939,765,185.44.142.217,mobile,2025-06-27 04:41:37,1
940,433,249.129.180.62,mobile,2025-02-12 10:14:07,1
941,473,43.74.63.72,mobile,2025-08-01 01:25:37,1
942,893,218.77.243.16,tablet,2025-08-12 01:32:41,1
943,131,3.167.194.31,tablet,2025-12-20 10:26:55,1
944,853,71.160.201.71,mobile,2026-04-16 14:38:05,1
945,403,40.194.245.101,tablet,2025-10-24 13:18:22,1
946,672,92.139.36.3,tablet,2025-09-06 09:15:33,1
947,5,142.239.84.144,desktop,2025-10-21 12:38:55,1
948,65,163.57.226.54,mobile,2025-04-30 22:18:15,1
949,316,65.5.107.117,mobile,2025-03-12 06:33:49,1
950,50,7.54.233.69,mobile,2025-06-14 06:24:15,1
951,578,56.163.244.239,tablet,2025-10-22 08:07:45,1
952,226,117.230.224.168,tablet,2025-07-31 23:59:50,0
953,861,38.102.35.12,tablet,2025-08-01 07:41:11,1
954,904,62.214.235.88,tablet,2025-03-07 06:42:36,1
955,57,107.220.110.6,mobile,2025-06-05 04:16:04,1
956,742,57.187.140.186,desktop,2025-01-02 16:17:57,1
957,963,96.215.132.5,tablet,2025-04-26 20:08:15,1
958,125,52.138.249.250,desktop,2026-02-12 10:35:25,1
959,932,66.29.254.163,desktop,2025-03-18 10:34:39,1
960,39,170.176.91.205,tablet,2025-04-11 19:13:40,1
961,586,234.219.241.191,desktop,2025-11-15 03:18:36,1
962,832,219.148.106.129,tablet,2026-01-05 10:39:27,1
963,409,35.251.204.80,mobile,2025-10-23 06:05:08,1
964,925,154.56.150.83,tablet,2025-05-13 14:25:15,1
965,475,82.191.116.111,desktop,2025-06-14 21:24:35,0
966,420,250.242.160.77,desktop,2026-03-20 22:23:45,1
967,170,161.153.34.130,desktop,2026-01-12 00:25:31,1
968,264,74.62.154.247,tablet,2026-04-18 14:20:39,1
969,869,27.161.190.211,mobile,2025-12-31 06:44:42,1
970,65,129.91.117.201,mobile,2025-11-26 09:10:05,1
971,512,133.35.51.54,tablet,2025-06-20 06:02:38,1
972,331,119.163.77.165,tablet,2025-12-25 06:42:52,1
973,108,144.81.63.102,mobile,2025-10-30 00:34:20,1
974,645,79.250.178.231,mobile,2025-09-06 20:30:48,1
975,781,95.222.168.160,desktop,2025-01-06 02:16:12,1
976,828,189.63.1.125,tablet,2026-03-06 08:46:59,1
977,130,18.178.183.154,desktop,2025-03-06 04:17:20,1
978,839,46.247.107.62,tablet,2025-12-01 15:14:32,0
979,880,143.31.73.54,mobile,2025-04-08 00:43:12,1
980,629,234.96.216.156,mobile,2025-03-21 07:36:26,1
981,147,240.28.21.249,tablet,2025-09-02 23:28:34,0
982,557,188.226.204.171,tablet,2026-02-21 18:43:15,1
983,620,92.22.51.48,tablet,2025-09-22 18:41:56,1
984,347,2.164.202.232,mobile,2025-10-02 23:49:00,1
985,558,76.183.43.65,mobile,2025-09-05 11:17:51,1
986,313,151.70.195.62,mobile,2025-08-21 08:24:14,1
987,813,10.174.76.106,desktop,2025-10-17 11:50:51,1
988,14,168.228.65.158,tablet,2025-03-09 11:20:37,1
989,327,114.117.125.205,mobile,2025-10-13 06:21:16,1
990,971,190.181.153.98,tablet,2025-09-30 23:36:29,1
991,968,157.12.66.147,desktop,2025-02-28 01:54:01,1
992,902,92.69.114.124,desktop,2025-11-14 00:05:47,1
993,790,141.225.71.63,mobile,2026-02-24 08:24:57,1
994,639,78.14.37.89,desktop,2026-04-06 15:56:56,1
995,247,168.22.242.141,mobile,2025-09-02 08:15:19,1
996,518,106.212.75.219,tablet,2025-07-19 21:05:38,1
997,201,183.203.248.145,mobile,2026-02-09 19:58:03,1
998,567,249.71.47.1,mobile,2025-10-25 13:30:40,1
999,285,133.42.82.146,desktop,2025-09-15 15:17:47,0
1000,221,63.99.151.59,mobile,2025-12-02 02:13:27,1
