account_id,user_id,account_number,balance,account_type,created_at
1,511,ACC97945211,1366.82,checking,2026-01-25 19:43:59
2,853,ACC59167495,2890.72,checking,2025-09-27 09:51:47
3,501,ACC68347397,13616.08,credit,2025-06-24 03:08:41
4,541,ACC27548385,23025.55,credit,2025-10-25 01:45:16
5,121,ACC49739830,21760.88,checking,2025-02-23 12:12:41
6,948,ACC23449394,44299.84,checking,2025-02-10 22:49:39
7,511,ACC70769456,27612.05,savings,2025-03-18 19:59:57
8,498,ACC19200259,36011.29,savings,2025-03-27 19:06:34
9,696,ACC16818053,21826.37,savings,2025-07-03 03:38:29
10,893,ACC65735892,35895.81,savings,2026-04-28 04:46:03
11,862,ACC38919479,34655.21,credit,2025-01-14 15:07:55
12,493,ACC80015797,22280.94,checking,2025-03-11 07:21:34
13,728,ACC79009576,8508.38,checking,2025-05-22 09:44:26
14,159,ACC62563870,28201.06,savings,2025-06-17 22:02:25
15,513,ACC42119819,20960.15,checking,2025-04-04 16:05:58
16,934,ACC55682365,21418.1,credit,2025-10-30 17:16:29
17,212,ACC10775393,13711.5,credit,2025-02-11 09:34:39
18,304,ACC52941165,16838.27,credit,2025-02-14 00:06:08
19,416,ACC61970680,20205.59,checking,2025-04-20 21:25:28
20,492,ACC39561530,1121.06,savings,2025-09-06 22:20:50
21,921,ACC98781504,38346.59,savings,2026-04-02 09:55:07
22,583,ACC15468012,37145.2,credit,2025-01-27 10:34:49
23,644,ACC81828349,38784.25,credit,2025-10-11 02:06:27
24,784,ACC12082194,35018.19,checking,2025-02-03 09:15:03
25,9,ACC57556755,38810.79,credit,2025-04-29 15:05:51
26,744,ACC57185851,14046.1,checking,2025-03-16 17:35:50
27,173,ACC16686854,31511.58,checking,2025-04-15 17:40:15
28,562,ACC30264549,228.83,checking,2025-01-07 01:53:19
29,682,ACC78116043,32737.32,savings,2025-06-28 11:51:38
30,221,ACC71398422,4724.78,savings,2025-12-08 15:30:22
31,794,ACC13762540,11503.51,checking,2025-10-30 16:06:32
32,727,ACC85548997,48110.42,checking,2025-11-24 04:54:38
33,687,ACC12072321,34134.11,checking,2025-06-21 00:58:51
34,76,ACC87173343,39130.35,checking,2025-06-10 20:50:25
35,868,ACC32768482,27984.25,credit,2025-07-31 22:39:21
36,375,ACC46017903,39329.4,checking,2025-01-26 05:55:01
37,766,ACC64833026,49567.91,checking,2026-01-12 07:20:18
38,34,ACC44854271,31377.74,savings,2026-02-07 19:56:10
39,735,ACC32903311,47784.78,savings,2025-05-23 02:14:54
40,743,ACC19052669,34584.96,checking,2025-03-23 07:46:46
41,824,ACC84831673,5666.07,checking,2025-09-15 08:07:16
42,585,ACC62833411,28900.63,savings,2025-09-28 22:27:39
43,706,ACC70655366,47519.4,credit,2025-12-25 11:23:50
44,882,ACC45219693,4589.65,savings,2025-01-08 09:39:00
45,107,ACC14496961,33365.18,savings,2025-04-26 09:31:21
46,896,ACC10187747,2482.68,checking,2025-09-11 07:18:10
47,27,ACC46237414,21563.6,savings,2025-08-02 03:24:14
48,958,ACC89036899,1935.84,savings,2026-03-13 04:17:32
49,825,ACC56419467,7646.66,savings,2025-12-17 10:07:05
50,936,ACC94497082,38909.8,checking,2025-11-11 07:11:50
51,276,ACC89188962,48956.48,savings,2025-03-31 08:10:36
52,37,ACC32523618,33573.11,checking,2025-11-20 20:05:36
53,548,ACC78933033,45369.44,checking,2025-09-22 01:19:05
54,572,ACC32193338,24921.3,credit,2025-11-25 23:02:13
55,398,ACC76930906,32237.6,credit,2025-02-10 07:35:42
56,885,ACC14928705,5939.19,credit,2026-01-24 11:59:28
57,819,ACC33759215,19454.16,savings,2026-04-09 04:19:54
58,235,ACC37655059,176.87,savings,2025-02-18 14:57:29
59,667,ACC84691266,14892.08,savings,2025-03-23 04:49:45
60,927,ACC97823468,13495.06,savings,2026-01-19 12:05:58
61,110,ACC50804923,44675.22,credit,2025-12-17 08:27:40
62,330,ACC36874722,37098.16,credit,2025-01-12 03:06:23
63,311,ACC44900708,15117.67,checking,2025-12-31 11:14:33
64,940,ACC67663055,32045.45,checking,2026-03-26 12:06:47
65,295,ACC88995297,14084.63,checking,2025-01-30 11:07:10
66,465,ACC40660782,22692.04,credit,2026-03-31 10:13:19
67,992,ACC15882498,34415.83,credit,2025-07-24 14:41:11
68,18,ACC30918602,14113.71,credit,2026-03-16 22:05:20
69,652,ACC59660703,37489.84,checking,2025-04-27 08:50:56
70,553,ACC64767512,25227.67,checking,2026-03-12 13:16:20
71,419,ACC18179544,44721.61,credit,2025-11-26 08:11:01
72,92,ACC81870896,21704.98,credit,2026-03-24 18:15:12
73,512,ACC99586883,36590.39,checking,2025-10-18 03:46:45
74,723,ACC77714904,26405.71,credit,2025-11-11 02:14:27
75,830,ACC53278090,16162.29,checking,2026-04-10 10:21:43
76,355,ACC69102153,33869.69,checking,2025-09-23 13:05:14
77,560,ACC35871809,41192.98,credit,2025-11-15 04:04:34
78,168,ACC71415942,5908.51,savings,2026-02-25 12:44:23
79,520,ACC52083656,14280.86,savings,2025-12-13 08:19:28
80,214,ACC87301842,44220.16,savings,2025-11-16 02:13:10
81,162,ACC57434722,17848.02,checking,2026-04-05 17:09:11
82,615,ACC68972428,11481.7,checking,2025-11-25 18:54:53
83,297,ACC69166971,12481.17,checking,2026-03-22 11:34:57
84,578,ACC61112538,8971.9,checking,2025-01-27 17:23:55
85,378,ACC42410532,38266.04,savings,2026-02-03 07:36:19
86,308,ACC81434221,3380.58,credit,2026-01-07 15:12:22
87,180,ACC48892173,17099.01,savings,2026-02-03 12:53:12
88,75,ACC77320752,40061.49,credit,2025-06-07 01:57:53
89,208,ACC51266473,12616.09,savings,2025-01-21 07:03:11
90,409,ACC65415166,36535.72,savings,2025-07-15 05:10:23
91,432,ACC78780641,26477.86,savings,2025-07-11 07:28:09
92,819,ACC35360916,8216.99,checking,2025-07-03 07:14:09
93,277,ACC79462133,28378.56,credit,2025-02-20 09:20:56
94,184,ACC56114231,16653.17,credit,2026-01-07 15:44:48
95,260,ACC24452064,16067.94,credit,2025-01-11 04:16:48
96,657,ACC71597248,6860.72,checking,2025-12-15 14:29:08
97,545,ACC35536881,11976.49,savings,2026-02-11 21:18:13
98,401,ACC99333282,42503.57,savings,2026-03-16 05:45:39
99,245,ACC38466741,43660.89,credit,2025-05-09 11:22:05
100,805,ACC91063186,6154.75,checking,2025-03-05 01:01:47
101,242,ACC70759980,5627.63,savings,2025-11-05 03:24:21
102,561,ACC79760344,23866.44,credit,2025-05-24 09:59:27
103,167,ACC48085965,16762.37,credit,2025-06-24 10:56:12
104,987,ACC23698309,21063.67,checking,2026-01-24 11:17:37
105,188,ACC55140160,10972.4,credit,2025-01-30 02:13:39
106,877,ACC12016117,21432.23,savings,2025-07-08 14:58:16
107,601,ACC61085104,49952.03,savings,2025-03-09 07:14:01
108,303,ACC77412636,27619.48,checking,2025-09-12 19:56:28
109,628,ACC76342954,37111.1,savings,2025-08-22 16:18:23
110,453,ACC30829415,17050.39,credit,2025-01-22 07:21:03
111,591,ACC80997926,25375.9,checking,2025-04-01 03:18:32
112,954,ACC97881224,307.02,checking,2026-01-12 23:30:06
113,542,ACC22265765,19152.73,checking,2025-11-29 03:36:37
114,859,ACC99328552,6725.07,credit,2026-04-26 21:25:38
115,116,ACC86360287,3120.05,credit,2025-08-13 21:38:39
116,663,ACC67216206,49869.63,checking,2025-02-28 22:38:46
117,14,ACC15794732,221.13,savings,2026-04-05 23:31:04
118,502,ACC88800110,49438.19,savings,2025-03-27 21:28:16
119,273,ACC52105470,41627.14,checking,2026-02-23 10:50:47
120,412,ACC33262311,3907.73,credit,2025-07-08 02:44:10
121,360,ACC34252091,33284.08,credit,2025-11-25 02:19:31
122,955,ACC10009946,4833.62,checking,2026-04-05 19:44:39
123,468,ACC86188936,37865.48,savings,2025-05-14 10:07:13
124,113,ACC25584489,15186.87,credit,2025-12-10 04:12:02
125,230,ACC77348750,10038.21,credit,2025-06-12 19:56:21
126,619,ACC33612450,14737.01,credit,2025-07-27 16:43:04
127,634,ACC30422982,21699.57,savings,2025-05-15 14:37:42
128,713,ACC43055652,32087.96,savings,2025-01-30 03:09:03
129,153,ACC91160625,22027.85,credit,2026-01-01 19:08:57
130,884,ACC51095879,37029.55,savings,2026-03-12 10:29:38
131,423,ACC55031925,39368.03,checking,2026-01-04 05:21:48
132,879,ACC30937007,11565.46,savings,2025-10-05 09:32:33
133,464,ACC14408990,27075.41,checking,2025-03-01 20:51:49
134,352,ACC73793483,46430.63,checking,2026-01-29 14:58:07
135,828,ACC97025237,34564.54,savings,2025-04-05 11:04:50
136,507,ACC21512002,12553.96,savings,2025-06-01 20:50:10
137,322,ACC64594780,4614.92,checking,2025-05-02 12:40:33
138,570,ACC49750613,32873.39,credit,2025-04-02 23:10:21
139,364,ACC81306291,9457.94,checking,2025-11-24 16:22:23
140,770,ACC49782339,8744.77,credit,2025-01-16 18:57:45
141,646,ACC41149679,31285.21,credit,2025-12-10 10:40:17
142,501,ACC38400512,48587.5,checking,2025-01-03 22:41:50
143,361,ACC35067380,32634.08,checking,2025-01-23 11:27:49
144,375,ACC66625771,38846.91,checking,2025-11-24 16:13:12
145,10,ACC15463500,3403.39,savings,2025-01-13 19:07:42
146,102,ACC75631118,8778.84,checking,2025-02-01 04:06:02
147,35,ACC91203532,39052.65,savings,2025-05-09 05:35:41
148,729,ACC17366542,17624.28,credit,2025-06-30 05:32:55
149,548,ACC74927802,39576.37,savings,2025-11-01 04:23:33
150,713,ACC95010793,9371.79,credit,2025-12-15 05:45:02
151,579,ACC49866130,11729.67,credit,2026-02-21 23:33:59
152,875,ACC79522939,19763.7,savings,2026-01-06 14:13:16
153,180,ACC69604264,9842.74,savings,2025-11-21 03:16:14
154,266,ACC61327598,17199.54,savings,2026-02-25 01:05:44
155,714,ACC69862658,79.18,credit,2025-05-06 02:35:44
156,577,ACC28100987,13895.04,checking,2025-05-12 01:17:47
157,2,ACC86485456,5448.85,credit,2025-06-21 02:35:49
158,413,ACC61512555,38775.24,credit,2025-04-09 05:07:43
159,182,ACC93298768,41317.29,savings,2025-07-29 17:18:44
160,196,ACC68891422,43042.24,credit,2025-06-27 23:51:49
161,619,ACC76782284,8139.34,credit,2026-01-26 21:51:19
162,736,ACC56269877,47012.46,credit,2025-07-24 05:16:21
163,943,ACC40034523,14425.37,credit,2026-02-13 18:44:59
164,763,ACC23658181,39335.51,credit,2025-04-27 21:38:48
165,416,ACC64496729,30409.35,savings,2026-04-15 17:28:23
166,195,ACC98269098,30294.85,credit,2025-08-16 23:44:15
167,363,ACC93868810,45485.86,credit,2025-01-28 03:38:04
168,595,ACC26919248,1700.33,checking,2025-03-28 04:40:27
169,416,ACC92020704,15735.28,savings,2026-02-04 18:56:22
170,186,ACC10924568,34565.12,credit,2025-11-28 18:03:25
171,903,ACC10281082,20478.4,savings,2025-12-19 04:00:09
172,824,ACC98927217,21526.57,savings,2026-04-18 11:31:41
173,173,ACC35756697,41083.64,savings,2025-08-24 22:58:12
174,57,ACC85878944,40107.35,checking,2026-03-18 11:16:01
175,323,ACC92469328,18653.94,credit,2025-12-28 07:28:59
176,32,ACC54921629,25535.5,credit,2025-12-05 20:52:54
177,956,ACC77189183,28605.38,credit,2026-03-29 00:29:25
178,551,ACC30391925,28667.24,credit,2025-11-28 08:59:35
179,955,ACC88029420,22573.44,checking,2025-11-24 07:08:51
180,261,ACC31648326,41465.28,credit,2025-11-20 20:07:42
181,578,ACC58978632,8998.39,savings,2025-11-18 10:36:16
182,452,ACC23070397,7014.52,checking,2025-12-05 01:57:38
183,538,ACC85837659,41970.55,credit,2025-08-16 03:26:22
184,438,ACC77589855,28729.38,savings,2025-09-19 21:19:38
185,691,ACC10183811,3765.83,savings,2025-12-12 23:34:22
186,653,ACC38706593,5139.31,checking,2025-07-31 02:42:26
187,81,ACC82898241,35911.17,savings,2025-12-07 04:23:40
188,46,ACC75060100,39149.68,savings,2025-12-15 19:53:14
189,616,ACC70617787,25078.42,credit,2025-01-21 16:45:22
190,144,ACC46834949,43802.51,checking,2026-03-11 02:36:36
191,536,ACC35783065,16804.75,savings,2026-01-28 18:34:50
192,96,ACC45561253,26725.61,credit,2025-10-14 15:11:49
193,949,ACC28092254,1553.72,savings,2025-11-11 23:41:15
194,352,ACC18257363,18361.75,checking,2025-10-21 21:56:48
195,622,ACC23993178,34704.43,credit,2025-10-26 23:34:31
196,844,ACC75805849,43861.15,credit,2025-03-10 09:42:14
197,757,ACC64490203,37040.45,savings,2025-03-18 17:44:22
198,317,ACC33067674,31487.9,savings,2025-05-23 02:19:25
199,38,ACC45500562,24661.96,savings,2025-03-26 19:01:21
200,840,ACC27630280,23186.1,credit,2025-08-06 15:24:06
201,469,ACC10738769,48331.75,credit,2025-04-20 10:04:03
202,544,ACC17334765,6277.44,checking,2025-03-10 11:27:55
203,357,ACC28058966,4944.67,checking,2025-04-23 21:30:08
204,348,ACC47129550,46268.85,credit,2025-08-11 23:15:50
205,548,ACC37228874,44078.27,savings,2025-08-23 10:56:42
206,357,ACC28301318,39173.8,checking,2025-02-16 06:05:22
207,262,ACC38610517,45844.32,credit,2026-01-29 09:51:22
208,427,ACC94741347,19305.61,checking,2026-01-04 21:34:31
209,517,ACC46953886,19716.94,checking,2026-01-16 04:47:47
210,835,ACC75405980,1583.56,savings,2025-01-04 20:07:44
211,901,ACC20739962,2755.85,checking,2025-10-07 04:43:09
212,275,ACC14523756,9614.45,credit,2026-02-24 20:34:52
213,932,ACC70692461,12014.55,checking,2025-04-14 21:15:04
214,603,ACC40014765,29404.2,savings,2026-04-08 02:30:41
215,17,ACC57543085,39635.18,credit,2026-03-10 16:06:57
216,285,ACC89835101,1866.18,checking,2025-12-25 01:35:12
217,344,ACC31123264,4610.44,checking,2025-12-16 01:14:56
218,731,ACC82432918,41795.75,checking,2025-10-10 11:45:52
219,515,ACC76772982,17473.11,savings,2025-12-05 21:42:59
220,291,ACC79136390,25533.06,savings,2026-04-11 18:46:08
221,637,ACC25713935,44203.38,savings,2026-02-10 04:22:28
222,742,ACC90610824,11087.96,credit,2025-05-02 09:46:18
223,944,ACC68132655,25649.31,credit,2025-08-16 15:42:39
224,925,ACC16828773,44326.01,checking,2026-04-09 21:29:56
225,938,ACC13562525,9438.95,savings,2025-09-04 18:10:44
226,653,ACC50321298,6909.22,checking,2026-03-09 18:13:45
227,87,ACC79873504,31459.14,checking,2025-10-19 19:27:53
228,922,ACC88922315,45852.9,checking,2026-02-17 11:02:51
229,294,ACC84915093,14319.89,checking,2025-07-13 07:04:38
230,511,ACC78275994,4769.91,credit,2025-08-15 12:44:24
231,721,ACC83785874,23881.5,checking,2025-05-27 10:38:02
232,656,ACC36094422,21512.65,credit,2026-02-18 04:41:03
233,822,ACC16132603,96.16,savings,2026-03-20 19:21:40
234,566,ACC83372540,41614.36,credit,2026-03-15 12:09:20
235,538,ACC81750325,24544.47,credit,2025-06-09 15:04:36
236,198,ACC27902307,15782.27,credit,2025-09-23 22:29:01
237,302,ACC98476704,2206.26,credit,2026-04-19 12:10:04
238,453,ACC30406238,14451.31,checking,2025-09-17 17:02:45
239,678,ACC53806746,14866.24,credit,2025-08-17 09:01:16
240,162,ACC76184178,49573.03,credit,2025-02-06 05:18:54
241,98,ACC60139678,16277.81,credit,2025-03-03 00:01:04
242,589,ACC67435854,421.4,credit,2025-03-14 17:46:26
243,449,ACC85618803,4570.07,savings,2025-03-07 08:34:08
244,91,ACC31388187,46663.83,checking,2025-01-17 15:00:17
245,64,ACC55473701,31285.27,checking,2025-09-10 18:20:49
246,847,ACC20335513,16081.9,credit,2026-02-16 17:05:42
247,849,ACC42476090,24072.87,savings,2026-04-03 11:01:10
248,427,ACC95382091,2804.88,checking,2025-05-17 19:26:58
249,564,ACC69282836,6463.09,savings,2025-02-21 20:02:21
250,937,ACC75647221,36773.02,savings,2025-04-23 22:38:13
251,608,ACC67606136,623.13,credit,2025-10-11 21:49:45
252,386,ACC97830209,3220.57,credit,2025-12-24 10:20:53
253,206,ACC80230848,36047.76,credit,2025-09-21 10:47:06
254,312,ACC71014875,872.63,checking,2025-12-31 15:08:26
255,359,ACC45273869,46563.88,checking,2026-01-30 16:54:54
256,198,ACC44123352,37872.11,checking,2025-11-11 10:51:59
257,624,ACC59533992,13666.29,savings,2026-02-12 00:45:34
258,702,ACC96195963,34309.61,savings,2025-06-06 14:55:28
259,143,ACC84778391,8778.74,checking,2026-01-06 23:58:35
260,301,ACC92699689,12904.96,credit,2025-12-14 11:49:33
261,233,ACC25975937,5649.53,credit,2025-05-17 12:40:42
262,977,ACC95165209,41476.68,savings,2026-01-03 09:35:36
263,517,ACC65349295,2674.05,credit,2026-01-24 11:42:51
264,364,ACC31358124,36449.32,savings,2025-04-19 07:54:40
265,826,ACC31523378,33278.77,savings,2025-05-20 16:00:31
266,545,ACC91459576,28714.72,savings,2025-02-22 02:02:07
267,218,ACC71545698,10698.63,credit,2025-03-06 18:53:04
268,73,ACC93353504,44809.13,checking,2025-05-14 01:13:26
269,203,ACC54596519,27909.37,credit,2025-08-31 11:09:48
270,972,ACC79585506,9003.45,credit,2025-05-22 14:01:05
271,922,ACC49440508,17217.96,checking,2025-08-07 10:38:58
272,69,ACC65668195,22411.75,savings,2025-05-15 23:05:13
273,650,ACC36469275,39732.65,checking,2026-01-21 11:10:07
274,650,ACC41409161,11387.15,credit,2026-03-26 08:03:09
275,61,ACC54817129,5957.18,checking,2025-10-05 20:22:38
276,932,ACC88407387,1808.06,checking,2025-03-24 06:46:07
277,587,ACC65203148,29361.39,credit,2025-01-07 21:10:52
278,948,ACC33252438,21069.21,savings,2025-06-19 16:51:32
279,287,ACC46116422,3597.6,credit,2025-11-01 00:37:50
280,371,ACC93680840,16310.13,savings,2025-09-03 03:10:33
281,456,ACC25416075,35820.86,credit,2025-02-25 06:12:58
282,223,ACC50125034,4437.09,credit,2025-12-15 08:31:59
283,372,ACC38486518,34204.71,checking,2025-01-17 07:51:03
284,454,ACC90607562,34763.1,checking,2025-02-21 21:40:34
285,294,ACC60746411,34192.3,checking,2025-07-19 18:04:55
286,729,ACC31770751,6058.42,checking,2025-12-08 20:18:13
287,468,ACC99683816,5739.42,checking,2026-01-02 12:57:32
288,108,ACC76344354,22570.03,credit,2025-01-03 23:57:24
289,903,ACC44504813,11341.3,savings,2025-03-14 08:02:50
290,677,ACC34235470,16501.68,savings,2025-11-10 17:10:18
291,833,ACC22187037,23821.26,checking,2025-08-04 02:16:12
292,230,ACC95249288,5484.24,checking,2026-02-14 06:08:06
293,108,ACC12437324,6337.41,savings,2025-08-19 21:53:04
294,596,ACC85901875,13318.36,checking,2025-01-27 15:55:41
295,481,ACC23509439,40063.0,checking,2025-05-14 03:32:16
296,377,ACC77984061,14227.53,savings,2025-11-14 15:06:21
297,591,ACC63826708,36071.96,savings,2026-03-08 01:16:43
298,858,ACC38095684,41148.64,credit,2025-06-25 15:49:54
299,214,ACC13935667,27555.04,credit,2025-01-26 22:52:05
300,337,ACC19929782,12305.07,savings,2026-03-11 10:57:46
301,253,ACC78684613,18594.21,credit,2025-12-15 15:25:30
302,657,ACC54767015,24435.15,savings,2026-01-14 07:04:48
303,659,ACC90177526,2026.79,savings,2025-05-03 03:04:27
304,849,ACC70365769,19207.28,savings,2025-11-28 20:18:53
305,3,ACC75980743,37131.35,credit,2026-04-24 05:40:54
306,975,ACC45808245,88.36,savings,2025-01-25 09:05:01
307,267,ACC91823327,4748.03,checking,2025-06-21 20:00:18
308,560,ACC40323697,14291.64,checking,2025-02-22 21:41:58
309,408,ACC87343356,33519.33,credit,2026-02-25 03:00:44
310,101,ACC24240047,41561.56,savings,2025-11-12 06:09:16
311,293,ACC51583606,19237.71,checking,2025-07-12 00:57:55
312,478,ACC69727981,3808.12,savings,2025-08-04 10:58:20
313,340,ACC33260107,14668.62,checking,2025-11-27 22:30:45
314,126,ACC20070242,19824.87,credit,2026-03-14 01:35:24
315,162,ACC45318295,44445.99,checking,2026-01-03 17:38:59
316,117,ACC32733149,29378.76,savings,2025-01-11 04:04:46
317,949,ACC98272222,23853.03,checking,2026-04-05 14:36:30
318,152,ACC29842848,4411.36,savings,2025-12-01 08:05:30
319,1000,ACC79927763,47730.86,credit,2026-03-05 10:46:45
320,274,ACC41207318,42531.64,savings,2026-03-15 23:42:52
321,407,ACC66480764,18623.54,savings,2025-08-20 20:18:02
322,727,ACC11005909,11998.64,savings,2025-07-29 06:04:48
323,907,ACC10697577,49473.22,savings,2025-09-21 22:45:03
324,145,ACC79940869,903.68,checking,2025-07-05 22:29:59
325,531,ACC27900973,19145.42,checking,2025-03-24 01:40:55
326,985,ACC25645238,47979.28,savings,2025-01-07 16:05:58
327,822,ACC52370469,21875.02,savings,2025-05-13 13:37:26
328,31,ACC30519827,2314.21,checking,2026-03-26 13:01:32
329,878,ACC93094326,5642.46,savings,2026-04-11 06:04:07
330,6,ACC77794510,6070.53,credit,2025-08-10 15:48:47
331,10,ACC87971152,3288.61,checking,2025-03-01 14:26:30
332,143,ACC41101562,44727.07,credit,2025-09-23 18:38:15
333,927,ACC57764174,48633.43,checking,2025-02-04 06:18:52
334,772,ACC25776731,48592.56,credit,2025-11-15 04:18:03
335,559,ACC81461054,19563.37,checking,2025-04-21 00:15:51
336,657,ACC98021811,35638.23,savings,2025-04-17 09:55:50
337,771,ACC72238208,48643.3,checking,2025-10-25 19:40:26
338,185,ACC30111439,20437.72,credit,2025-10-22 13:08:37
339,753,ACC38370228,39924.76,credit,2026-04-13 09:41:23
340,368,ACC42495966,40176.12,checking,2026-02-24 13:26:02
341,960,ACC21012555,22179.16,checking,2025-12-23 02:57:26
342,855,ACC47835160,21149.06,savings,2025-03-14 14:54:39
343,878,ACC66603404,43591.62,credit,2026-01-16 12:47:29
344,280,ACC59308871,46935.48,credit,2025-04-12 22:34:52
345,121,ACC69347871,406.44,credit,2025-02-28 18:38:23
346,529,ACC40762329,17415.26,credit,2026-04-23 23:31:07
347,230,ACC58648271,46205.19,credit,2025-01-17 06:54:01
348,155,ACC24892168,41815.35,credit,2025-12-13 01:07:40
349,708,ACC10849199,6782.44,credit,2026-02-10 11:41:00
350,63,ACC28608221,37842.18,checking,2025-07-17 14:00:07
351,812,ACC37608163,23834.52,savings,2026-04-25 18:14:33
352,848,ACC71841545,46796.56,savings,2025-06-06 18:41:25
353,776,ACC44399822,7667.06,checking,2025-04-15 17:37:40
354,400,ACC34173780,37343.38,checking,2026-03-22 12:29:53
355,429,ACC33943277,32901.39,credit,2026-04-11 11:02:44
356,97,ACC30495092,19365.01,credit,2026-04-04 22:22:04
357,935,ACC29323386,39005.8,savings,2025-02-02 09:01:11
358,738,ACC72320913,36154.32,savings,2026-01-07 16:42:26
359,926,ACC44147241,8808.15,checking,2025-12-29 19:00:09
360,993,ACC17160158,12587.16,credit,2025-11-09 15:24:33
361,131,ACC83089814,12424.27,credit,2025-10-11 14:10:21
362,273,ACC69100547,28117.05,credit,2025-04-02 05:07:53
363,907,ACC23539335,42523.2,checking,2025-08-06 13:17:22
364,587,ACC32874074,14666.5,credit,2025-04-22 09:50:55
365,653,ACC21681169,44281.77,savings,2026-04-04 07:14:23
366,936,ACC83837372,6725.34,checking,2025-02-18 08:43:44
367,414,ACC48125931,39880.38,savings,2025-11-28 05:43:25
368,633,ACC63379043,15824.97,savings,2025-08-19 02:03:47
369,390,ACC27350812,35587.67,checking,2026-04-21 08:00:10
370,335,ACC34855755,9803.44,savings,2025-07-30 16:16:16
371,884,ACC37370552,2726.37,credit,2026-04-20 23:06:46
372,390,ACC25813422,23123.57,savings,2026-02-03 11:09:22
373,797,ACC63721234,5886.96,credit,2025-12-31 17:16:20
374,428,ACC65152157,14986.26,credit,2025-03-13 07:11:37
375,8,ACC77345097,47717.92,checking,2025-06-12 10:28:45
376,511,ACC69302593,16049.1,savings,2025-09-05 13:40:57
377,871,ACC29908779,47046.05,checking,2025-06-20 22:26:27
378,193,ACC80566829,48918.4,checking,2025-08-13 22:29:07
379,355,ACC97372564,11023.43,savings,2026-02-12 13:46:46
380,309,ACC82426118,33944.21,checking,2025-01-14 04:06:59
381,432,ACC14471883,29566.5,checking,2025-08-30 14:10:45
382,501,ACC79364509,3664.89,savings,2025-08-17 01:33:52
383,47,ACC40502625,13586.38,credit,2025-09-24 21:26:19
384,823,ACC79490207,35664.04,savings,2026-04-28 07:26:22
385,595,ACC13334814,28680.77,savings,2025-08-29 05:01:09
386,901,ACC90124089,41047.95,checking,2025-11-09 06:32:49
387,740,ACC36671741,46178.35,credit,2025-04-03 07:56:04
388,313,ACC69766159,6611.45,credit,2025-03-05 10:22:44
389,71,ACC85152707,36007.7,savings,2026-04-16 00:19:48
390,687,ACC62507063,2043.48,checking,2025-12-27 16:38:56
391,781,ACC21059043,39234.22,credit,2025-05-28 18:35:10
392,177,ACC86138450,42149.3,savings,2025-02-26 10:38:56
393,919,ACC34300495,13851.43,checking,2025-12-20 08:11:02
394,648,ACC50762699,7119.08,checking,2025-07-29 04:39:03
395,812,ACC15439515,21656.06,savings,2025-01-13 08:20:04
396,897,ACC79970652,8776.44,checking,2025-11-12 13:30:48
397,962,ACC66851526,5188.75,savings,2026-04-05 01:47:49
398,402,ACC77927744,11815.25,credit,2025-07-05 17:33:29
399,606,ACC22366750,32393.54,savings,2025-11-12 09:24:24
400,819,ACC24006621,39713.8,checking,2025-04-12 02:17:34
401,967,ACC50618464,16321.54,checking,2025-03-06 12:21:16
402,895,ACC99557667,38779.51,checking,2025-02-08 11:44:31
403,422,ACC88381680,21012.56,checking,2025-01-02 04:28:56
404,513,ACC64795995,36301.6,credit,2025-05-22 23:28:56
405,152,ACC70994972,42795.2,credit,2025-02-05 15:03:50
406,646,ACC85207752,21724.21,credit,2026-01-29 13:40:43
407,455,ACC40749228,9821.21,credit,2025-07-06 03:30:36
408,66,ACC58515701,676.66,credit,2025-07-18 00:43:44
409,681,ACC47842661,3455.07,savings,2025-02-09 04:31:43
410,43,ACC98364453,19703.85,checking,2025-06-15 12:57:03
411,416,ACC24690284,49728.03,checking,2025-08-29 10:30:01
412,219,ACC10802688,46989.35,savings,2025-01-24 08:25:16
413,221,ACC69255106,15408.29,checking,2025-10-31 21:16:47
414,782,ACC63495974,48361.34,checking,2026-03-03 08:25:50
415,818,ACC72517814,1591.09,savings,2026-02-21 05:42:56
416,743,ACC43026976,1042.95,checking,2026-02-27 11:14:17
417,228,ACC43332578,8834.58,checking,2026-02-21 22:31:39
418,633,ACC77598822,32489.39,credit,2025-08-01 11:36:30
419,550,ACC29369778,16380.18,credit,2025-03-10 18:20:25
420,733,ACC76123165,44645.1,credit,2025-07-29 06:00:39
421,923,ACC97344198,8755.13,checking,2025-01-25 03:50:27
422,702,ACC48706101,42813.93,checking,2025-04-04 17:47:35
423,263,ACC99076868,1045.97,checking,2025-05-19 02:51:47
424,700,ACC11471019,15574.36,credit,2025-06-09 17:03:30
425,44,ACC27048020,3186.66,checking,2025-12-10 10:50:59
426,591,ACC24032587,25845.91,checking,2026-04-28 02:37:37
427,532,ACC27994712,48620.57,credit,2025-01-26 14:23:30
428,274,ACC34043226,10125.92,savings,2026-04-13 23:45:44
429,76,ACC58833764,25684.2,credit,2025-02-07 04:58:32
430,415,ACC24278937,42628.1,savings,2025-07-26 17:19:31
431,433,ACC63629296,37916.76,checking,2026-03-02 12:36:11
432,823,ACC95100571,1551.25,savings,2026-01-02 02:40:46
433,712,ACC41560729,24769.93,checking,2025-04-06 20:21:16
434,700,ACC79358729,39437.16,savings,2025-11-11 21:40:52
435,547,ACC76168607,3316.75,credit,2026-03-17 03:30:41
436,483,ACC30675109,34797.79,checking,2026-02-13 20:56:49
437,224,ACC65178053,31867.3,checking,2025-09-24 12:24:13
438,671,ACC41673959,23287.72,checking,2026-02-10 15:45:07
439,441,ACC37774139,45774.58,credit,2025-08-13 00:38:28
440,450,ACC97687086,38584.59,checking,2026-04-16 18:50:25
441,172,ACC46451438,46828.77,savings,2025-11-28 01:19:25
442,269,ACC99230475,6786.58,savings,2025-06-21 07:33:01
443,342,ACC22145221,42225.73,savings,2025-09-18 02:11:32
444,256,ACC81507636,36495.47,credit,2025-03-26 18:14:54
445,517,ACC52222940,24773.6,checking,2025-10-16 19:54:47
446,963,ACC79128058,4024.46,checking,2026-03-20 03:55:56
447,246,ACC46116392,42937.72,checking,2025-10-17 03:04:41
448,425,ACC48069453,18770.26,checking,2026-03-30 08:05:29
449,656,ACC19951044,3520.5,credit,2026-02-25 21:52:05
450,288,ACC96832681,165.41,credit,2025-12-23 21:55:35
451,278,ACC95301154,10526.14,checking,2025-10-01 22:15:25
452,236,ACC85930398,39327.8,savings,2025-12-27 02:42:13
453,791,ACC22083596,35418.43,credit,2025-08-31 05:24:29
454,365,ACC93163682,45284.98,checking,2026-03-24 10:48:51
455,882,ACC53605635,3755.58,savings,2025-08-22 07:31:48
456,675,ACC16834801,11794.16,savings,2026-03-15 22:03:47
457,561,ACC53941017,1730.5,savings,2025-10-25 19:03:05
458,826,ACC80448639,49038.54,credit,2025-05-30 12:50:11
459,292,ACC79821472,42087.07,savings,2025-05-19 18:43:01
460,563,ACC24991719,12055.96,savings,2026-01-06 11:10:53
461,456,ACC55880265,36401.83,savings,2026-01-02 02:46:52
462,58,ACC89103934,4368.71,credit,2026-02-08 23:36:00
463,954,ACC85567320,24659.55,savings,2025-02-05 11:47:23
464,361,ACC34070910,46452.02,credit,2025-04-29 12:50:13
465,298,ACC64516567,18340.27,credit,2025-03-12 20:34:36
466,423,ACC87143804,40093.23,checking,2025-06-10 21:07:57
467,200,ACC35876020,36157.01,checking,2025-12-30 16:29:43
468,469,ACC83265536,42076.58,credit,2026-04-19 06:26:49
469,150,ACC88934854,10623.97,checking,2025-11-02 03:17:41
470,505,ACC83044358,31545.19,credit,2025-07-14 08:00:17
471,346,ACC44602701,19875.52,savings,2025-03-13 15:20:40
472,358,ACC15826316,35470.41,savings,2026-01-14 17:58:17
473,641,ACC87118094,18704.4,credit,2026-03-22 05:17:38
474,728,ACC72877698,14936.65,checking,2025-09-21 11:24:34
475,729,ACC50415907,46934.05,checking,2025-03-30 17:03:13
476,624,ACC29656289,23992.79,savings,2025-06-15 17:53:21
477,916,ACC20238977,14662.86,checking,2025-01-06 11:16:59
478,625,ACC89780523,20401.75,checking,2025-08-14 05:33:15
479,324,ACC69532222,33673.93,checking,2025-02-15 15:42:53
480,251,ACC51644618,7360.64,credit,2026-01-12 10:09:46
481,371,ACC98006568,37228.98,savings,2026-03-27 12:55:59
482,664,ACC10483785,11689.27,savings,2026-02-10 19:54:09
483,664,ACC81351686,5082.21,checking,2026-04-25 15:12:49
484,840,ACC56840143,33487.44,credit,2025-09-11 21:26:12
485,521,ACC55804817,10412.28,checking,2025-01-16 00:36:56
486,92,ACC25798884,49119.18,credit,2026-04-24 03:26:50
487,560,ACC93531336,12924.95,checking,2025-07-21 05:49:48
488,361,ACC63059292,27923.99,credit,2025-01-20 03:08:32
489,8,ACC69517676,25454.23,savings,2026-04-08 16:39:04
490,811,ACC46704700,30375.71,credit,2026-03-16 22:25:58
491,795,ACC90015840,7290.19,savings,2025-07-06 11:35:29
492,446,ACC15006624,34420.9,checking,2025-07-29 21:55:44
493,547,ACC30944044,39161.5,checking,2026-03-11 20:44:36
494,550,ACC17648163,46830.7,savings,2026-02-18 12:48:32
495,890,ACC30272714,27812.92,savings,2025-06-09 11:53:11
496,220,ACC23954277,37927.48,checking,2025-07-16 20:43:29
497,325,ACC22914475,3705.74,savings,2026-03-23 15:11:35
498,575,ACC59184159,14661.87,credit,2025-08-16 13:37:47
499,478,ACC92378635,46222.48,savings,2025-09-23 04:19:02
500,634,ACC81076856,7049.54,savings,2025-01-05 14:00:03
501,1,ACC96590087,2573.61,savings,2026-03-09 19:33:57
502,141,ACC48494995,976.09,savings,2025-02-13 20:29:20
503,288,ACC20875269,23567.87,credit,2025-05-28 00:38:05
504,156,ACC89682888,30380.38,checking,2025-12-31 04:09:23
505,890,ACC98503428,19247.1,savings,2026-01-03 05:36:31
506,814,ACC31217049,19404.62,savings,2026-02-13 16:09:34
507,506,ACC27381595,33692.66,checking,2025-06-04 01:18:12
508,877,ACC72308895,45884.55,savings,2025-11-29 03:25:39
509,170,ACC44290837,34536.93,savings,2026-02-19 19:54:38
510,209,ACC49639928,4688.76,checking,2025-06-15 04:21:53
511,85,ACC33936401,46458.61,savings,2025-09-14 17:10:13
512,481,ACC38405780,11648.26,credit,2025-01-10 17:47:27
513,428,ACC53173650,20528.34,savings,2026-02-13 17:40:21
514,293,ACC27634885,24293.82,checking,2025-10-12 07:24:37
515,834,ACC16601512,30835.71,savings,2025-03-19 21:48:06
516,626,ACC76634619,12770.66,checking,2025-07-26 09:50:38
517,733,ACC85094656,29872.35,checking,2026-03-21 04:26:55
518,396,ACC75740258,3287.96,savings,2025-03-08 16:32:37
519,673,ACC32954532,41698.21,credit,2025-11-08 09:40:24
520,791,ACC84941918,35415.46,checking,2025-03-20 12:33:22
521,529,ACC84158442,15284.03,savings,2026-01-17 10:10:26
522,44,ACC28703724,19328.61,credit,2025-04-24 23:32:33
523,471,ACC97143769,9915.62,credit,2025-05-02 10:47:04
524,524,ACC91985476,4808.83,checking,2025-02-27 11:57:36
525,453,ACC44883867,18856.14,checking,2026-04-13 05:59:56
526,385,ACC46130529,18693.72,savings,2025-03-12 04:07:55
527,823,ACC39832846,3621.71,checking,2025-10-20 14:59:17
528,204,ACC96688507,6587.68,credit,2025-03-20 10:47:51
529,287,ACC23959445,49863.95,checking,2025-03-30 13:10:57
530,71,ACC73720137,31921.57,checking,2025-05-12 04:51:15
531,885,ACC25880465,28110.97,savings,2025-11-02 05:28:45
532,459,ACC19070803,8333.78,savings,2025-08-09 12:08:50
533,832,ACC43024542,23175.06,checking,2025-04-05 07:40:11
534,264,ACC56733968,43465.93,credit,2025-04-11 05:15:19
535,749,ACC59707687,1604.32,savings,2025-04-07 15:20:27
536,517,ACC53807322,32875.55,credit,2025-04-01 04:34:59
537,578,ACC12374843,6185.24,checking,2025-08-14 02:14:57
538,647,ACC13167194,18148.54,savings,2026-04-22 16:31:27
539,829,ACC61189035,22427.56,savings,2025-06-20 23:49:23
540,978,ACC34736524,5390.58,savings,2026-03-18 12:24:45
541,929,ACC82714540,26653.19,savings,2025-10-26 04:23:22
542,188,ACC38144097,33424.26,savings,2026-02-16 00:59:52
543,333,ACC49299951,26590.67,checking,2025-04-20 16:44:05
544,628,ACC59256490,14726.76,credit,2025-12-14 12:05:51
545,881,ACC81897490,49282.82,credit,2025-07-03 19:29:20
546,298,ACC61883206,27129.4,savings,2025-08-20 03:54:43
547,675,ACC84693692,21428.28,credit,2025-09-05 22:29:27
548,243,ACC28044499,25539.36,savings,2026-02-16 04:47:30
549,996,ACC41015481,22234.71,savings,2026-02-13 11:32:16
550,763,ACC82084785,6598.98,savings,2025-10-13 11:02:06
551,425,ACC12972089,30584.18,credit,2026-01-01 09:23:38
552,764,ACC98195437,4937.43,checking,2025-12-04 04:20:16
553,29,ACC29100994,22073.56,checking,2026-04-26 23:47:34
554,109,ACC36823319,49141.9,savings,2025-05-30 11:23:02
555,60,ACC96732169,38027.72,credit,2025-01-22 06:14:56
556,285,ACC98359407,31046.75,savings,2025-01-23 07:06:07
557,41,ACC56209516,7439.78,credit,2025-10-27 05:13:55
558,936,ACC85746910,10214.96,savings,2025-03-30 16:18:23
559,658,ACC26472524,4255.63,credit,2025-07-12 08:51:18
560,232,ACC84608282,7982.08,savings,2026-04-14 00:31:35
561,187,ACC10977939,10245.16,checking,2025-04-26 03:17:54
562,965,ACC80142656,28330.47,checking,2026-03-04 05:34:33
563,715,ACC94850143,13470.4,savings,2025-03-11 07:02:54
564,335,ACC26756920,14196.99,credit,2026-03-28 07:02:49
565,381,ACC93841947,6548.74,credit,2026-03-25 23:59:37
566,237,ACC36399730,22791.56,savings,2026-01-10 12:28:58
567,943,ACC32546133,49074.77,savings,2026-04-02 02:18:17
568,246,ACC27951839,25998.45,checking,2025-06-04 16:24:03
569,716,ACC78326540,5271.75,credit,2025-08-22 06:09:50
570,718,ACC27243279,37073.15,credit,2025-10-15 06:53:30
571,279,ACC11289348,36419.65,credit,2026-03-02 18:58:50
572,203,ACC92938623,47231.49,credit,2025-05-27 22:14:22
573,585,ACC41567079,30312.31,credit,2025-01-17 01:48:24
574,363,ACC14446714,17394.03,checking,2025-10-19 17:30:36
575,218,ACC42178538,11972.15,savings,2026-03-12 14:27:37
576,743,ACC42121379,9976.34,credit,2025-11-25 12:24:19
577,153,ACC41530596,14695.07,savings,2025-01-19 22:36:51
578,9,ACC18734830,3859.94,checking,2025-12-06 01:47:42
579,844,ACC86691290,16770.65,savings,2026-03-09 16:54:34
580,591,ACC34499664,38099.9,savings,2025-04-25 01:46:42
581,586,ACC39741678,25870.71,credit,2025-05-29 10:27:00
582,635,ACC19599935,9225.04,checking,2025-06-21 01:29:38
583,92,ACC20178231,19867.54,checking,2025-12-15 19:59:26
584,630,ACC48425309,2146.78,checking,2025-05-05 10:01:58
585,385,ACC81876925,1679.89,checking,2025-02-12 18:27:47
586,219,ACC42187501,45909.61,checking,2025-12-30 04:20:00
587,625,ACC62258286,8844.01,credit,2025-08-30 10:48:42
588,402,ACC54989758,36987.5,savings,2026-04-27 08:07:45
589,105,ACC77389534,24824.49,checking,2025-05-25 11:49:04
590,807,ACC66128031,40104.56,checking,2026-04-02 09:42:54
591,707,ACC22499585,5314.56,credit,2026-04-26 01:12:40
592,775,ACC68560380,49670.52,savings,2025-12-05 19:27:56
593,773,ACC90999826,47487.55,checking,2025-10-20 16:43:03
594,421,ACC54732039,3536.52,credit,2025-06-07 05:23:06
595,371,ACC53188026,2188.79,checking,2026-01-01 14:16:05
596,879,ACC12221087,11878.69,checking,2025-03-16 04:33:31
597,105,ACC88051500,1674.42,checking,2025-08-02 12:59:11
598,500,ACC84183647,44184.04,credit,2025-05-04 03:10:32
599,160,ACC70247380,43572.35,savings,2025-10-13 09:12:28
600,833,ACC43768534,6452.68,checking,2025-03-31 18:27:29
601,237,ACC53880935,32443.45,savings,2026-02-10 04:12:59
602,132,ACC16817343,2448.03,savings,2025-10-17 03:18:50
603,96,ACC98630353,12395.63,credit,2025-05-18 21:31:23
604,190,ACC13296285,12023.06,savings,2025-02-19 01:26:51
605,347,ACC30903459,34036.55,savings,2026-02-16 15:03:35
606,302,ACC46099372,18183.74,credit,2025-02-20 22:28:41
607,4,ACC50387107,43348.22,checking,2026-04-29 18:09:11
608,352,ACC51643999,7165.79,credit,2025-02-18 07:44:35
609,355,ACC32377228,33612.25,credit,2025-07-04 20:05:05
610,590,ACC80233860,29500.03,credit,2025-06-26 05:12:11
611,245,ACC34894965,11878.19,savings,2025-06-22 15:18:16
612,864,ACC96905880,16467.71,checking,2026-03-26 23:04:45
613,361,ACC97574010,24479.39,savings,2026-01-30 23:28:05
614,9,ACC77050761,38110.79,credit,2025-04-06 23:51:04
615,570,ACC40004498,39785.27,credit,2026-04-06 07:59:49
616,950,ACC30607081,16962.2,checking,2025-09-16 06:30:41
617,662,ACC49993719,14371.18,credit,2025-05-26 04:27:06
618,810,ACC99020468,21171.26,credit,2025-09-04 14:17:25
619,522,ACC15362961,3815.2,credit,2025-04-30 18:09:47
620,943,ACC73067901,506.59,checking,2025-11-05 09:01:24
621,628,ACC88673374,10391.52,savings,2026-04-21 08:57:11
622,732,ACC12831212,23411.98,credit,2026-04-03 23:58:35
623,774,ACC20281660,19818.96,credit,2025-05-24 03:37:33
624,61,ACC69876717,13427.43,credit,2025-02-22 22:51:42
625,193,ACC76407583,1986.99,checking,2026-02-09 18:46:53
626,9,ACC21337206,43052.97,credit,2025-04-02 07:17:05
627,149,ACC99233529,30675.41,checking,2026-02-19 17:07:58
628,458,ACC21320359,14541.04,checking,2025-07-25 11:20:57
629,113,ACC98680219,12273.73,savings,2025-03-08 08:32:47
630,53,ACC84874900,4352.83,savings,2025-02-21 23:33:19
631,713,ACC20168527,23955.84,credit,2026-01-08 09:09:20
632,683,ACC16685236,24175.64,checking,2025-04-20 14:51:43
633,357,ACC82254626,29095.24,savings,2025-02-07 02:15:33
634,340,ACC43317488,44587.19,savings,2025-08-03 10:29:02
635,679,ACC50885330,9883.52,credit,2026-01-10 17:52:45
636,304,ACC60357822,3110.08,credit,2025-03-15 02:58:35
637,419,ACC20509758,32585.81,checking,2026-04-30 23:32:58
638,997,ACC32932908,47384.53,credit,2025-01-12 20:42:29
639,152,ACC96384601,5173.5,savings,2025-02-11 19:37:38
640,58,ACC90840605,18812.04,savings,2026-01-03 05:28:26
641,123,ACC97705923,27573.55,checking,2025-08-02 20:58:53
642,896,ACC15391310,29438.12,credit,2025-08-19 23:59:48
643,44,ACC37818995,18554.51,savings,2025-05-24 18:20:29
644,470,ACC59700342,1137.33,savings,2025-04-21 09:55:45
645,825,ACC70706886,28122.01,credit,2026-03-30 18:15:41
646,370,ACC32894930,28067.76,checking,2026-01-12 12:42:28
647,689,ACC75611191,3895.22,savings,2026-03-12 10:06:33
648,569,ACC69983450,28761.06,savings,2025-05-22 02:37:50
649,859,ACC95443579,22672.64,savings,2025-05-30 12:59:34
650,395,ACC80868405,6495.18,credit,2025-07-26 10:24:15
651,754,ACC55923883,12089.41,savings,2026-03-30 14:45:26
652,175,ACC60737265,7102.18,credit,2025-02-19 10:57:30
653,963,ACC12083454,27273.18,savings,2025-01-13 22:22:16
654,375,ACC40995328,41686.91,checking,2025-10-21 23:04:53
655,563,ACC70527946,9316.56,savings,2025-12-15 20:03:03
656,115,ACC64755873,49942.35,checking,2025-06-02 14:47:57
657,967,ACC92516444,25592.79,savings,2025-11-28 11:16:23
658,883,ACC36801196,33212.13,checking,2025-07-30 08:47:57
659,516,ACC62806694,36058.85,checking,2025-08-11 03:55:24
660,946,ACC58461897,31355.81,savings,2025-10-12 06:07:48
661,958,ACC77899073,12262.14,savings,2025-02-19 07:04:13
662,50,ACC76809845,37462.47,checking,2025-10-08 12:44:44
663,774,ACC81154481,6962.48,savings,2025-01-05 17:18:03
664,876,ACC39182730,25160.89,credit,2025-10-03 07:57:11
665,14,ACC46459125,10762.81,savings,2025-06-05 13:28:03
666,353,ACC73689384,27891.56,savings,2025-01-13 14:43:27
667,656,ACC82467152,26456.31,savings,2025-06-23 17:52:39
668,66,ACC45684633,45385.2,savings,2026-02-25 02:20:04
669,966,ACC42014529,17221.97,savings,2025-08-18 03:50:41
670,538,ACC80821893,14444.33,savings,2025-08-20 19:28:24
671,215,ACC52229340,18529.71,checking,2025-08-09 18:06:18
672,687,ACC60966211,31211.76,credit,2025-05-08 03:56:56
673,206,ACC49998400,2641.11,checking,2025-04-25 22:21:36
674,207,ACC77403597,34664.41,savings,2026-04-07 15:46:25
675,724,ACC51998117,13396.44,credit,2025-08-10 04:17:04
676,875,ACC59308814,38657.94,credit,2025-01-24 00:10:43
677,743,ACC91743484,21349.85,checking,2025-05-15 20:03:39
678,269,ACC68813370,9062.83,savings,2025-02-06 03:31:13
679,778,ACC66257153,3922.54,checking,2025-08-03 22:00:39
680,1,ACC12056964,25398.4,credit,2026-01-05 02:21:42
681,799,ACC85882622,42614.39,credit,2026-03-12 14:26:51
682,296,ACC13961967,37529.82,savings,2025-02-02 22:35:55
683,700,ACC21028304,22860.56,savings,2026-02-09 16:49:36
684,931,ACC65155937,31945.78,savings,2026-01-27 09:45:33
685,615,ACC67346675,35472.84,checking,2025-03-16 02:40:49
686,874,ACC40268268,9869.46,credit,2025-07-18 00:08:54
687,848,ACC42103107,41987.92,savings,2025-11-20 06:21:20
688,831,ACC68382642,13128.26,savings,2025-10-28 07:39:06
689,320,ACC16762865,20755.14,checking,2026-02-27 13:33:42
690,311,ACC18440247,24664.04,checking,2025-06-20 04:40:14
691,656,ACC17145573,17485.22,checking,2026-03-23 04:35:47
692,441,ACC99143228,23245.59,credit,2025-01-31 15:13:31
693,584,ACC72342937,37985.35,savings,2025-12-01 06:19:01
694,626,ACC19364299,31954.05,savings,2025-04-21 07:44:59
695,695,ACC11814106,37334.6,savings,2025-08-01 01:50:54
696,134,ACC16310350,13999.23,credit,2026-04-06 18:54:42
697,193,ACC53493118,38545.64,checking,2025-11-30 02:17:57
698,136,ACC54055336,18246.04,savings,2025-01-12 21:30:42
699,12,ACC68082235,18679.4,checking,2025-08-22 08:54:07
700,248,ACC55649810,3055.28,savings,2025-11-20 01:16:40
701,986,ACC55194170,21433.03,checking,2025-10-18 06:35:31
702,50,ACC65045264,262.52,savings,2026-03-03 08:33:37
703,579,ACC98982384,883.16,savings,2025-09-10 07:28:56
704,437,ACC90157935,48468.76,credit,2025-03-17 16:39:07
705,253,ACC78484381,30665.87,credit,2026-01-13 12:11:20
706,60,ACC51756125,1838.0,credit,2025-05-30 17:51:21
707,335,ACC18571875,27357.09,checking,2025-10-14 11:00:32
708,957,ACC14876859,37653.4,checking,2025-08-18 04:05:06
709,352,ACC56622225,45828.56,checking,2025-06-21 14:23:42
710,853,ACC62477834,15484.69,checking,2026-03-02 03:44:20
711,808,ACC53417998,3210.13,credit,2026-04-28 03:45:08
712,654,ACC33371671,35922.42,checking,2025-01-19 21:07:59
713,754,ACC77623620,39653.33,savings,2025-12-20 20:19:12
714,252,ACC46246835,15688.82,credit,2025-06-30 23:51:02
715,137,ACC50171507,22610.24,checking,2026-04-01 17:48:09
716,662,ACC11473253,46258.92,checking,2025-06-07 21:17:41
717,503,ACC45674569,23669.53,savings,2026-03-22 13:56:55
718,905,ACC41202272,37177.72,credit,2025-05-18 07:52:38
719,962,ACC93283723,13242.24,checking,2025-02-11 15:04:38
720,537,ACC42502085,22552.95,credit,2025-06-15 10:58:32
721,18,ACC27488445,30752.82,checking,2026-03-23 12:03:33
722,445,ACC98049665,41893.93,savings,2025-05-16 10:42:55
723,910,ACC20466282,24020.42,savings,2025-03-22 04:32:46
724,940,ACC18396858,19228.39,checking,2026-03-04 18:18:45
725,207,ACC33294358,10931.66,savings,2025-11-12 09:57:10
726,449,ACC59362955,39708.84,credit,2026-02-08 16:26:42
727,287,ACC97194846,43896.3,checking,2025-03-30 22:34:57
728,588,ACC67179832,23824.96,credit,2026-04-30 02:38:11
729,372,ACC68201972,11569.49,credit,2025-12-03 22:17:22
730,692,ACC69238677,18703.01,savings,2025-11-08 14:36:19
731,650,ACC23271365,3147.73,credit,2026-01-09 11:11:00
732,986,ACC18040538,27769.88,checking,2025-09-09 06:59:50
733,943,ACC66967460,45088.54,checking,2025-07-09 01:03:19
734,454,ACC50129384,47488.6,checking,2025-05-12 08:14:09
735,226,ACC81765344,17756.47,checking,2025-10-26 06:23:49
736,857,ACC91620679,19451.25,checking,2025-09-05 10:50:03
737,959,ACC54522636,623.53,credit,2025-08-21 17:08:30
738,535,ACC43673777,1507.54,credit,2025-03-06 16:04:41
739,826,ACC83908991,34187.03,checking,2025-05-04 04:30:14
740,662,ACC52718265,16414.01,savings,2025-10-02 09:21:59
741,832,ACC66304046,828.2,checking,2026-04-25 08:38:34
742,833,ACC15360722,44879.33,savings,2026-03-29 21:14:55
743,125,ACC88718338,14520.47,savings,2025-08-08 03:04:19
744,776,ACC42767238,49308.11,savings,2025-09-23 08:31:11
745,54,ACC58492700,19276.77,credit,2025-02-22 13:18:35
746,394,ACC82853557,37237.61,savings,2026-01-17 23:20:31
747,168,ACC37191178,18041.1,savings,2026-01-23 12:18:28
748,807,ACC41331866,12966.9,credit,2025-03-10 02:21:44
749,762,ACC19918387,36201.83,checking,2026-03-17 21:14:25
750,634,ACC10566268,5129.59,credit,2025-08-08 20:02:41
751,856,ACC84896325,24259.23,checking,2025-03-11 06:06:42
752,1,ACC79178813,42653.29,checking,2025-11-26 23:56:54
753,210,ACC15629470,36250.28,savings,2025-07-18 10:58:07
754,388,ACC38232687,2723.24,checking,2025-12-12 16:15:16
755,106,ACC21061051,5480.79,savings,2026-02-24 16:24:08
756,16,ACC57812556,25237.41,checking,2025-10-05 14:13:28
757,860,ACC53410405,12816.22,savings,2025-10-17 20:02:05
758,795,ACC72764073,41313.26,credit,2026-04-23 23:33:33
759,389,ACC22391254,17487.9,savings,2026-04-21 04:12:26
760,427,ACC12145839,17890.88,credit,2025-12-02 17:03:24
761,720,ACC30911832,10145.04,checking,2025-04-09 21:41:51
762,938,ACC98789905,6108.89,checking,2026-02-06 03:32:30
763,142,ACC13302826,43696.44,credit,2025-08-03 15:55:01
764,30,ACC36941843,1939.62,checking,2025-10-29 02:00:00
765,299,ACC79198888,5965.29,credit,2025-06-01 01:15:05
766,950,ACC36824680,26571.81,checking,2026-02-10 17:31:55
767,152,ACC57698299,34962.44,savings,2026-02-03 08:51:31
768,994,ACC68490183,40707.17,savings,2025-09-03 18:36:55
769,468,ACC33810401,15538.79,savings,2025-10-27 09:47:50
770,106,ACC20244511,33833.32,checking,2026-04-30 21:02:21
771,692,ACC94913800,36225.42,checking,2025-08-09 05:22:44
772,768,ACC13823140,4836.4,savings,2026-01-28 02:02:36
773,555,ACC80168448,16245.3,savings,2025-04-18 02:02:23
774,951,ACC64438951,35118.11,checking,2025-05-13 14:23:39
775,151,ACC33162570,16781.63,credit,2025-02-19 19:51:10
776,349,ACC10812088,5882.38,savings,2025-07-14 17:35:33
777,261,ACC98532290,32395.22,savings,2025-10-04 17:58:01
778,4,ACC21601449,15289.54,credit,2025-05-19 20:29:58
779,723,ACC78939310,39769.66,checking,2026-03-24 04:07:12
780,910,ACC79410444,31618.43,credit,2025-11-24 04:41:34
781,797,ACC88489980,11285.91,credit,2025-09-27 05:14:44
782,883,ACC16527724,27059.99,savings,2026-03-08 13:05:57
783,777,ACC66671730,27827.94,savings,2026-01-13 12:51:10
784,331,ACC66152582,22318.53,savings,2025-09-05 14:11:45
785,417,ACC61325328,46179.52,checking,2025-09-16 15:15:54
786,129,ACC51718579,446.07,credit,2025-04-26 03:53:18
787,889,ACC37717308,37329.68,checking,2025-10-29 16:22:39
788,5,ACC40488536,21388.09,credit,2025-09-27 02:42:10
789,541,ACC56492804,25619.62,savings,2025-08-28 09:25:09
790,918,ACC59312962,6476.15,checking,2025-01-31 10:06:46
791,153,ACC37222576,415.67,checking,2025-11-30 00:38:41
792,296,ACC76396313,43913.15,savings,2026-04-12 15:21:28
793,101,ACC74059597,24155.39,savings,2025-06-23 14:43:38
794,863,ACC47148616,9034.19,credit,2025-04-18 04:27:56
795,206,ACC33237210,36856.07,credit,2025-03-13 04:11:56
796,650,ACC48369367,23399.13,checking,2025-05-31 06:02:52
797,746,ACC26942406,21758.83,credit,2025-10-16 15:40:11
798,173,ACC64815472,6536.78,checking,2025-05-03 21:40:51
799,366,ACC92514932,13815.99,checking,2026-01-11 23:48:25
800,607,ACC78522004,30555.81,credit,2025-11-21 00:15:01
801,940,ACC48558372,1802.11,credit,2025-04-21 12:14:29
802,739,ACC89277767,5326.62,credit,2026-03-04 03:43:42
803,483,ACC68740071,45629.3,credit,2025-03-22 14:20:23
804,871,ACC58844610,24501.12,savings,2025-11-11 19:03:49
805,328,ACC51543723,43451.38,savings,2025-12-04 12:40:31
806,429,ACC54990638,11711.21,credit,2026-01-14 18:26:51
807,218,ACC47134894,46230.15,checking,2025-03-15 11:06:03
808,739,ACC32372473,46302.83,credit,2025-07-12 13:48:36
809,110,ACC31984023,1837.68,checking,2025-07-16 10:07:30
810,720,ACC60975330,7070.75,credit,2025-10-05 09:04:55
811,522,ACC97835693,28939.94,credit,2025-05-17 18:56:53
812,852,ACC95042776,6985.43,credit,2025-08-05 16:00:02
813,329,ACC66434836,12606.06,checking,2026-01-09 15:42:01
814,906,ACC77169796,38684.58,checking,2025-04-09 07:19:23
815,288,ACC33428823,31768.78,credit,2025-12-06 02:13:38
816,292,ACC66690672,23331.59,credit,2025-10-17 12:22:15
817,290,ACC65915043,45627.88,savings,2026-04-18 10:02:41
818,176,ACC81023835,4315.59,savings,2025-11-03 03:14:35
819,166,ACC43367297,24110.95,credit,2025-10-19 06:48:12
820,996,ACC33245636,28854.19,credit,2025-01-26 09:47:44
821,424,ACC66449787,30772.99,credit,2025-09-15 23:15:17
822,343,ACC27197602,43756.57,savings,2025-05-14 03:52:23
823,354,ACC78713230,21628.06,savings,2025-05-17 11:30:35
824,175,ACC93662459,34274.41,savings,2025-08-11 03:30:24
825,358,ACC34869861,1091.23,savings,2026-01-23 15:37:22
826,134,ACC90820456,46598.85,credit,2025-10-05 19:54:57
827,40,ACC55607908,31777.76,savings,2026-04-25 09:29:12
828,69,ACC32251387,21510.85,savings,2025-04-18 23:27:01
829,635,ACC81723206,14774.46,savings,2025-10-31 19:49:49
830,143,ACC77534160,38994.96,savings,2025-01-07 16:35:18
831,361,ACC82459918,20892.19,credit,2025-11-17 00:20:00
832,576,ACC28235904,39943.14,checking,2025-04-21 04:18:43
833,43,ACC67057076,41046.54,credit,2025-02-20 23:25:23
834,32,ACC26611468,35669.76,checking,2026-02-20 00:26:34
835,729,ACC59524924,38540.24,savings,2026-02-01 00:09:18
836,278,ACC41508720,29789.22,credit,2026-01-08 18:12:42
837,589,ACC68755797,47097.14,savings,2025-05-19 14:36:18
838,114,ACC24666492,31759.04,credit,2026-01-07 15:32:07
839,394,ACC32475208,45841.03,checking,2026-03-20 14:38:07
840,657,ACC60544678,30668.53,checking,2025-12-30 20:39:43
841,764,ACC83816247,16382.85,credit,2025-12-18 14:24:03
842,978,ACC17863358,15212.33,savings,2025-09-04 10:57:28
843,17,ACC16867628,29373.19,credit,2025-08-17 09:02:26
844,173,ACC47992586,39479.06,credit,2025-06-07 01:30:45
845,470,ACC86841809,25878.77,savings,2025-12-22 17:23:05
846,468,ACC39697712,5829.02,savings,2026-01-16 04:17:31
847,93,ACC63773640,49464.97,credit,2025-03-09 12:26:26
848,762,ACC30667141,22511.59,checking,2026-01-04 06:28:56
849,482,ACC14235386,44220.81,checking,2026-01-09 08:17:50
850,118,ACC61887750,21022.22,credit,2025-11-16 15:24:10
851,153,ACC35073140,28097.09,savings,2025-07-08 22:03:35
852,875,ACC18989028,46156.84,savings,2025-04-13 02:16:22
853,763,ACC94613486,21861.32,checking,2025-01-08 06:23:53
854,743,ACC38042892,43307.89,checking,2025-05-22 22:25:03
855,653,ACC57659109,48342.06,checking,2025-06-12 02:50:09
856,80,ACC66244944,12217.4,savings,2026-03-30 22:42:36
857,856,ACC59326649,24448.26,savings,2026-03-06 21:51:21
858,528,ACC21048047,10395.58,checking,2025-05-31 14:31:22
859,747,ACC11731311,9370.07,checking,2026-04-21 22:48:26
860,133,ACC19029196,42905.08,credit,2025-10-23 17:50:11
861,544,ACC65488484,43211.13,credit,2026-03-18 13:41:25
862,992,ACC77592427,25412.69,savings,2025-03-17 08:05:30
863,402,ACC37053514,45248.04,checking,2025-05-06 12:46:38
864,530,ACC77573391,9370.73,checking,2025-12-31 22:14:12
865,753,ACC11723424,12628.08,checking,2026-03-26 07:06:13
866,292,ACC36774003,45994.89,credit,2025-08-23 08:09:35
867,775,ACC37496194,16580.01,checking,2025-08-12 10:10:00
868,739,ACC58926743,45578.0,credit,2025-06-02 01:41:29
869,265,ACC84574001,18133.03,savings,2025-05-25 23:05:04
870,827,ACC14214069,45398.58,checking,2026-04-29 18:43:19
871,561,ACC11403521,26554.5,credit,2025-06-12 00:34:49
872,248,ACC85168579,12962.71,savings,2025-12-26 18:49:21
873,754,ACC32771132,37562.43,credit,2026-01-06 19:12:06
874,119,ACC96801312,21800.61,savings,2025-02-22 04:40:42
875,501,ACC99424291,14903.37,credit,2025-04-09 20:33:34
876,965,ACC22568047,19310.54,checking,2025-02-21 08:29:45
877,495,ACC16458433,22015.52,savings,2025-12-21 23:06:46
878,694,ACC28023665,25370.38,checking,2026-01-27 21:04:01
879,108,ACC25895976,21721.45,credit,2025-08-13 00:44:18
880,480,ACC85685662,308.96,checking,2025-01-07 15:16:50
881,423,ACC31107052,2817.82,savings,2025-07-04 23:01:20
882,173,ACC88527146,44760.33,savings,2025-08-31 07:50:02
883,706,ACC98053262,11554.22,savings,2025-01-01 19:53:39
884,340,ACC27614357,21748.61,checking,2025-06-26 20:20:13
885,651,ACC87918240,37760.08,checking,2026-01-14 02:06:18
886,82,ACC34734897,27242.49,checking,2025-04-30 03:08:42
887,911,ACC42654159,25116.76,credit,2025-04-17 13:48:42
888,402,ACC60777025,33511.09,credit,2025-02-07 02:42:54
889,476,ACC63784920,6911.88,checking,2025-04-26 01:54:42
890,598,ACC72362072,34844.76,checking,2025-02-01 09:47:58
891,525,ACC20702365,39897.62,checking,2025-08-09 02:23:22
892,690,ACC80457369,4592.83,savings,2025-12-15 14:46:36
893,293,ACC53332120,19500.42,savings,2025-10-19 08:03:00
894,667,ACC84215101,26853.6,savings,2025-03-09 07:42:13
895,668,ACC51764571,11954.77,checking,2026-02-18 08:58:47
896,786,ACC81627618,23491.8,checking,2025-09-19 17:22:39
897,467,ACC49714032,47980.36,credit,2025-03-03 15:22:30
898,54,ACC76241409,39379.92,savings,2025-02-07 01:27:05
899,710,ACC88795839,16284.32,checking,2025-08-24 09:45:18
900,365,ACC90068357,24999.31,credit,2025-07-01 12:41:16
901,335,ACC76726499,46213.75,checking,2025-07-06 01:18:48
902,671,ACC75811887,32974.87,checking,2025-10-27 09:59:15
903,824,ACC19275538,48599.95,credit,2025-10-21 15:14:20
904,885,ACC80941486,23396.44,credit,2025-04-18 22:41:40
905,909,ACC86774592,24979.17,savings,2026-04-23 02:59:06
906,492,ACC18336645,49230.74,checking,2026-04-23 16:15:30
907,708,ACC37107258,22683.19,savings,2025-04-21 14:28:46
908,272,ACC60044693,40906.47,credit,2025-02-22 00:06:19
909,49,ACC93609951,604.39,savings,2025-07-29 00:01:20
910,984,ACC18395780,35482.14,savings,2025-10-03 01:36:46
911,392,ACC63280383,7831.8,credit,2025-09-06 13:41:57
912,330,ACC57583787,47585.17,checking,2025-11-29 00:19:12
913,388,ACC56123285,5722.92,savings,2026-02-22 15:42:45
914,57,ACC20501206,46137.64,savings,2026-02-18 01:09:20
915,367,ACC60792272,67.57,savings,2026-04-24 10:00:19
916,780,ACC65730908,40393.6,credit,2026-01-08 04:14:56
917,436,ACC32890809,28222.94,checking,2025-08-16 14:50:46
918,551,ACC13375244,46953.72,checking,2025-10-06 16:30:18
919,323,ACC27350321,43660.82,credit,2026-03-29 02:59:47
920,750,ACC70141056,11553.47,credit,2025-06-26 15:14:27
921,423,ACC90917096,20063.99,credit,2025-04-07 02:31:58
922,242,ACC39054783,48661.41,credit,2025-07-07 11:07:34
923,833,ACC29108970,46178.99,credit,2025-03-30 00:57:46
924,546,ACC27874008,17064.43,savings,2025-06-28 10:08:59
925,334,ACC93012082,9610.04,credit,2025-04-10 20:17:06
926,214,ACC55433189,6829.23,checking,2026-01-06 17:38:14
927,103,ACC77714128,40769.43,checking,2025-06-22 21:33:15
928,950,ACC81381504,45811.38,credit,2025-12-23 12:52:06
929,651,ACC67340530,10412.26,credit,2025-03-14 05:30:23
930,470,ACC17252707,27990.21,savings,2025-01-01 17:18:01
931,744,ACC28651165,8462.91,savings,2025-08-13 17:57:24
932,239,ACC66392638,49856.62,savings,2025-01-19 01:39:44
933,281,ACC58718940,1863.18,savings,2025-10-27 15:21:18
934,183,ACC38823135,30220.0,savings,2025-04-08 19:36:04
935,750,ACC29052285,32283.17,checking,2025-06-08 04:28:27
936,957,ACC60674199,21036.02,credit,2026-04-20 03:59:25
937,1,ACC53676593,22561.73,savings,2025-08-08 00:38:55
938,182,ACC55282527,45446.2,credit,2025-09-24 05:01:14
939,710,ACC52463923,41314.32,savings,2025-03-18 10:03:27
940,295,ACC67051492,17284.61,credit,2025-08-08 22:38:14
941,241,ACC72578834,6830.23,savings,2025-07-08 13:40:07
942,898,ACC60550809,23699.55,checking,2025-03-26 17:47:03
943,291,ACC49489771,28427.06,checking,2025-07-21 18:03:14
944,102,ACC53260422,25684.3,savings,2025-05-22 14:07:48
945,156,ACC56838791,49057.86,checking,2025-06-27 19:44:25
946,790,ACC34715168,34045.82,checking,2025-06-25 11:07:24
947,963,ACC70307131,32491.73,credit,2025-08-20 13:59:39
948,255,ACC35791287,43.5,checking,2026-01-09 22:31:01
949,188,ACC64347083,40568.49,savings,2025-06-26 07:33:30
950,294,ACC23633674,4804.58,checking,2025-10-28 13:45:06
951,990,ACC69235817,48870.41,checking,2025-08-31 08:35:09
952,370,ACC97924067,37345.92,checking,2026-04-13 12:02:20
953,903,ACC12670634,42319.82,checking,2026-02-17 19:19:26
954,56,ACC52752320,5900.05,checking,2025-10-13 15:18:23
955,49,ACC96615820,2381.43,checking,2025-12-21 12:56:37
956,262,ACC86307281,37596.44,savings,2025-09-23 20:51:39
957,231,ACC65284530,37002.07,credit,2025-07-10 10:48:51
958,763,ACC69766535,1160.56,credit,2026-02-24 00:12:11
959,809,ACC61493335,35533.25,credit,2025-08-02 21:16:08
960,977,ACC10022419,8619.05,checking,2025-04-08 13:12:41
961,408,ACC81948788,2777.93,savings,2025-06-30 01:23:36
962,44,ACC35804525,17063.57,savings,2026-04-30 07:22:15
963,188,ACC53847472,34429.07,savings,2026-04-06 12:15:48
964,802,ACC77843550,37458.39,checking,2025-06-04 12:00:07
965,257,ACC71417988,32223.76,savings,2025-01-05 04:42:32
966,528,ACC13867385,11926.95,checking,2025-10-01 16:44:17
967,841,ACC53312807,37214.07,savings,2025-11-05 02:03:14
968,425,ACC32417222,45228.12,checking,2026-03-26 12:35:11
969,824,ACC81471082,5396.71,credit,2026-03-20 06:35:27
970,795,ACC23490809,39594.27,savings,2025-05-19 02:16:37
971,344,ACC17530274,17231.08,checking,2025-05-26 13:21:41
972,478,ACC38404951,6355.84,savings,2025-10-09 01:17:10
973,614,ACC14156617,20931.35,savings,2025-12-19 20:00:42
974,942,ACC71258867,43665.75,credit,2025-09-07 12:36:12
975,983,ACC23670051,41287.36,checking,2025-05-10 00:42:37
976,752,ACC53317610,18565.32,credit,2025-08-21 19:14:53
977,721,ACC24486280,25636.99,checking,2025-12-09 15:32:10
978,672,ACC64746747,16152.68,savings,2025-12-29 03:32:55
979,921,ACC67589419,45002.1,savings,2026-01-11 12:36:07
980,296,ACC72711368,9997.82,credit,2025-03-29 01:05:00
981,356,ACC24357693,28507.57,credit,2026-01-07 10:35:53
982,897,ACC72880129,1639.7,credit,2025-03-10 09:10:26
983,897,ACC98342196,9472.46,checking,2025-07-27 22:01:13
984,643,ACC60613090,42568.16,credit,2025-03-11 13:16:53
985,835,ACC31921205,14375.82,savings,2025-04-29 04:41:59
986,292,ACC35404198,7396.37,credit,2026-04-23 18:13:38
987,595,ACC89435593,44363.69,checking,2025-07-12 03:17:03
988,848,ACC61843893,48614.49,credit,2026-02-01 10:49:15
989,746,ACC66790305,48495.63,checking,2025-01-27 11:46:17
990,128,ACC34926167,27247.01,checking,2025-02-20 23:46:14
991,82,ACC33394459,18031.14,savings,2025-07-21 20:11:10
992,774,ACC89705595,36185.41,savings,2025-02-18 19:46:19
993,463,ACC65907394,23321.83,savings,2026-04-14 14:01:46
994,169,ACC88090209,37663.85,credit,2026-01-19 10:15:55
995,580,ACC94213751,34064.91,credit,2025-10-14 00:14:14
996,573,ACC88346719,14582.94,checking,2025-03-27 17:04:09
997,495,ACC10783893,18859.85,savings,2026-03-12 21:27:11
998,568,ACC41970718,6044.37,savings,2025-02-25 22:44:07
999,375,ACC67552722,25035.75,credit,2025-04-19 13:20:42
1000,791,ACC32055158,46716.87,checking,2025-10-20 03:14:13
