case_id,user_id,transaction_id,priority,fraud_type,fraud_amount,assigned_analyst_id,status,resolution,recovery_amount,created_at,closed_at
1,327,208,low,account_takeover,801.31,504,closed,0.0,3264.27,2025-02-16 23:45:40,1.0
2,917,309,high,payment_fraud,9612.32,863,open,1.0,1337.73,2025-11-06 02:10:20,
3,215,447,medium,account_takeover,2189.68,308,open,1.0,628.58,2025-03-02 16:28:34,
4,568,755,low,account_takeover,1098.9,344,closed,0.0,1004.1,2025-05-06 12:51:51,
5,819,318,medium,identity_theft,4955.15,654,investigating,0.0,4726.17,2025-07-15 23:13:57,
6,525,602,low,payment_fraud,4850.37,665,investigating,1.0,1928.68,2025-10-02 22:32:43,1.0
7,102,695,medium,account_takeover,2609.54,317,closed,1.0,2416.12,2025-11-04 06:07:50,
8,39,810,high,account_takeover,2196.93,227,investigating,0.0,3902.75,2025-03-17 13:50:42,1.0
9,673,700,high,payment_fraud,248.62,184,investigating,0.0,759.14,2025-03-02 08:01:02,
10,578,235,high,account_takeover,5875.1,21,closed,1.0,3070.81,2025-10-21 01:14:31,1.0
11,191,697,low,account_takeover,5023.72,696,closed,0.0,3130.84,2026-01-14 16:55:37,
12,383,736,low,identity_theft,3043.92,715,open,0.0,2335.38,2025-09-16 06:54:09,
13,993,35,medium,payment_fraud,581.34,698,open,0.0,17.34,2025-09-16 00:47:57,
14,344,554,high,identity_theft,1656.85,991,investigating,1.0,4422.19,2026-04-16 15:20:56,1.0
15,476,504,medium,account_takeover,2948.8,317,investigating,1.0,4623.75,2025-01-31 10:31:07,1.0
16,652,675,high,account_takeover,7236.91,980,open,0.0,4797.8,2025-11-20 03:45:14,1.0
17,259,940,high,account_takeover,8180.99,314,investigating,0.0,25.75,2025-05-01 01:53:42,1.0
18,93,513,medium,payment_fraud,445.8,446,open,0.0,3001.71,2025-05-02 18:58:14,
19,197,14,low,account_takeover,7346.86,510,open,1.0,1215.74,2025-04-05 00:39:17,
20,692,847,low,identity_theft,6191.45,975,closed,1.0,3192.88,2025-12-01 15:36:37,1.0
21,643,212,high,identity_theft,8584.42,928,closed,0.0,1141.76,2025-02-03 07:21:46,1.0
22,538,457,low,identity_theft,506.37,508,closed,0.0,2386.33,2025-10-16 21:25:17,
23,267,5,medium,identity_theft,3210.5,21,investigating,0.0,1434.99,2026-03-08 18:45:05,
24,72,573,low,account_takeover,9235.67,507,investigating,0.0,4797.72,2026-01-24 16:17:33,1.0
25,626,570,low,identity_theft,5669.88,473,closed,0.0,4394.32,2025-12-28 23:05:58,1.0
26,219,476,low,identity_theft,9535.04,539,investigating,0.0,4162.18,2025-01-16 04:53:11,
27,255,931,medium,payment_fraud,8252.65,408,open,0.0,696.82,2025-07-28 15:18:15,
28,977,298,high,identity_theft,7769.55,484,closed,0.0,3889.29,2025-07-18 10:13:23,1.0
29,235,922,high,payment_fraud,9041.16,508,closed,1.0,3210.49,2025-08-28 15:21:30,1.0
30,966,435,low,account_takeover,7252.15,206,open,0.0,339.12,2025-07-27 03:29:29,1.0
31,759,3,high,account_takeover,2123.73,716,open,1.0,685.56,2025-02-14 16:24:18,1.0
32,893,396,low,account_takeover,5873.17,322,investigating,1.0,211.14,2025-02-12 00:54:36,1.0
33,160,119,low,identity_theft,6441.4,947,open,1.0,2707.13,2025-06-02 04:34:42,1.0
34,837,617,high,payment_fraud,2275.55,172,closed,1.0,194.52,2025-12-02 01:02:03,
35,50,659,low,identity_theft,2818.66,789,investigating,1.0,537.06,2025-01-28 11:35:53,
36,569,529,high,payment_fraud,9479.88,339,open,0.0,3934.1,2026-02-12 14:31:50,
37,775,613,medium,payment_fraud,359.89,380,open,1.0,3168.01,2026-04-06 07:14:19,1.0
38,286,33,low,identity_theft,7143.55,762,open,0.0,1738.9,2025-11-03 00:28:54,1.0
39,333,122,medium,account_takeover,1014.83,311,open,0.0,720.37,2025-10-20 08:47:38,1.0
40,180,14,high,identity_theft,8862.82,936,open,1.0,1653.15,2025-04-30 23:52:36,
41,259,801,medium,identity_theft,433.03,417,open,1.0,498.98,2026-01-15 04:57:48,1.0
42,327,759,high,payment_fraud,1137.94,147,closed,0.0,3913.22,2025-12-21 05:11:43,1.0
43,571,540,high,account_takeover,1290.08,424,closed,0.0,4073.48,2025-10-30 19:32:47,1.0
44,483,759,low,identity_theft,9221.95,587,open,1.0,1683.76,2025-05-05 14:51:11,
45,275,84,high,payment_fraud,9298.92,11,closed,1.0,2724.3,2025-08-13 14:58:23,1.0
46,998,564,low,payment_fraud,2135.82,890,investigating,0.0,2604.86,2025-11-05 13:57:15,
47,743,611,low,account_takeover,7280.38,124,closed,1.0,2439.95,2025-05-17 00:37:14,
48,738,729,medium,payment_fraud,7351.07,413,open,1.0,3838.42,2026-04-26 23:50:42,
49,340,304,high,payment_fraud,3701.23,130,closed,1.0,3127.16,2026-03-23 20:09:51,1.0
50,491,574,high,payment_fraud,7971.16,419,closed,0.0,129.55,2025-07-03 02:41:47,
51,222,798,medium,identity_theft,754.09,622,closed,0.0,904.41,2026-04-04 02:08:52,1.0
52,900,340,medium,account_takeover,108.34,405,investigating,0.0,1019.26,2025-08-19 04:53:23,1.0
53,86,77,high,identity_theft,8586.62,705,investigating,0.0,76.1,2025-12-15 21:20:23,
54,470,281,low,identity_theft,5587.14,71,closed,1.0,1574.54,2025-06-30 03:14:09,
55,920,734,high,identity_theft,4343.49,139,closed,1.0,2932.6,2025-12-02 05:01:57,
56,252,631,low,payment_fraud,1873.97,416,investigating,1.0,768.42,2026-03-31 20:56:51,1.0
57,534,990,low,payment_fraud,7880.79,30,open,1.0,3137.24,2025-11-30 18:26:57,
58,255,47,low,account_takeover,3711.44,453,closed,0.0,4318.19,2026-04-10 03:59:39,
59,235,881,low,identity_theft,2514.68,697,open,1.0,4675.88,2026-01-28 18:10:33,
60,683,151,high,account_takeover,9394.93,995,investigating,0.0,1956.22,2025-06-30 01:08:21,1.0
61,317,458,high,payment_fraud,5346.83,771,open,1.0,3205.96,2026-03-15 20:05:59,
62,208,984,low,account_takeover,7818.15,327,open,1.0,2663.45,2025-05-15 00:52:12,
63,1000,896,low,account_takeover,5814.19,232,investigating,0.0,742.26,2025-12-12 06:03:40,
64,403,854,medium,payment_fraud,5012.93,472,open,0.0,2377.82,2025-05-21 22:27:46,1.0
65,792,595,high,identity_theft,2097.28,498,open,0.0,3198.52,2025-12-05 18:48:26,1.0
66,867,222,medium,account_takeover,8380.61,408,open,0.0,324.9,2025-10-10 06:28:06,
67,349,633,low,identity_theft,2894.82,115,open,0.0,3126.34,2025-09-11 15:28:27,
68,891,414,high,account_takeover,1328.34,984,closed,1.0,101.58,2025-12-20 11:21:14,1.0
69,88,614,medium,identity_theft,1617.36,412,closed,0.0,3631.11,2025-08-30 02:56:01,
70,904,732,medium,identity_theft,6558.51,234,open,0.0,2037.12,2026-02-01 04:34:24,1.0
71,664,896,low,account_takeover,5712.25,626,closed,1.0,1728.25,2025-05-31 01:17:32,1.0
72,186,251,low,account_takeover,7854.41,672,open,0.0,1867.28,2026-01-11 06:24:54,
73,317,352,high,payment_fraud,6858.49,773,closed,0.0,3805.35,2025-10-25 03:35:23,1.0
74,656,881,medium,payment_fraud,4955.82,10,open,0.0,4845.92,2025-12-21 04:59:43,
75,328,759,medium,account_takeover,976.9,943,investigating,1.0,1155.94,2025-06-23 00:32:35,1.0
76,856,381,medium,identity_theft,2894.3,261,open,1.0,1336.52,2025-05-13 03:01:55,1.0
77,8,924,high,payment_fraud,6006.66,188,closed,1.0,1527.51,2026-03-18 11:19:25,1.0
78,38,401,low,account_takeover,3145.59,950,investigating,0.0,4664.95,2025-11-06 04:09:52,1.0
79,335,589,medium,identity_theft,8446.73,473,closed,0.0,697.99,2026-04-21 13:30:37,
80,362,912,high,identity_theft,9218.58,437,open,0.0,3575.87,2025-08-07 03:33:39,1.0
81,848,94,medium,payment_fraud,5946.01,187,open,1.0,872.07,2025-06-13 14:26:17,1.0
82,669,914,low,account_takeover,1347.29,875,investigating,0.0,4019.33,2025-05-01 16:48:00,1.0
83,466,986,high,payment_fraud,7039.89,682,closed,0.0,2921.76,2025-01-09 05:37:09,1.0
84,487,970,medium,identity_theft,2296.41,635,open,0.0,1828.45,2025-01-29 07:22:00,1.0
85,393,809,medium,account_takeover,9031.58,923,closed,1.0,687.9,2025-10-01 12:45:55,1.0
86,513,410,low,payment_fraud,9152.92,246,investigating,1.0,2582.67,2025-08-06 06:01:53,1.0
87,544,632,low,account_takeover,5046.43,111,investigating,1.0,2409.19,2025-03-08 04:11:06,1.0
88,30,1000,high,payment_fraud,439.91,287,investigating,0.0,2814.33,2025-02-06 08:50:22,
89,880,400,high,account_takeover,717.18,210,open,1.0,2361.78,2025-06-11 23:36:35,
90,919,117,high,identity_theft,5316.79,79,closed,0.0,1711.81,2025-12-31 11:45:08,
91,990,443,medium,identity_theft,3415.24,904,open,1.0,268.34,2025-03-01 17:58:35,1.0
92,466,600,low,identity_theft,232.97,786,investigating,0.0,341.46,2026-03-14 16:57:24,1.0
93,755,900,high,identity_theft,3345.92,50,closed,0.0,3296.07,2025-10-09 22:45:03,1.0
94,188,103,high,identity_theft,4062.3,932,investigating,0.0,3640.7,2026-03-16 00:57:04,1.0
95,382,769,low,account_takeover,3517.2,665,closed,0.0,4009.65,2025-09-26 00:45:43,1.0
96,485,488,high,identity_theft,6723.06,650,closed,1.0,844.95,2025-05-21 14:33:53,
97,786,967,medium,identity_theft,6431.39,651,open,1.0,325.22,2025-06-05 17:43:45,
98,943,522,high,account_takeover,3907.49,862,open,0.0,1856.4,2025-07-28 16:39:56,
99,701,668,high,identity_theft,9962.37,102,investigating,0.0,83.29,2026-02-04 08:17:22,
100,861,151,high,account_takeover,1322.43,656,open,0.0,3035.0,2026-04-30 06:04:05,
101,601,793,medium,payment_fraud,6037.57,882,investigating,0.0,147.04,2025-12-13 13:50:16,
102,806,101,low,account_takeover,8140.81,944,closed,0.0,4100.23,2026-04-17 20:44:39,
103,361,267,low,account_takeover,5259.35,736,closed,1.0,4249.25,2025-03-20 16:36:08,1.0
104,711,933,high,identity_theft,3162.42,163,closed,1.0,2415.96,2025-12-10 09:15:08,1.0
105,325,121,high,identity_theft,9157.27,744,open,1.0,148.78,2025-07-07 13:42:10,
106,217,355,high,payment_fraud,9449.18,247,closed,0.0,1382.71,2026-02-15 02:10:22,1.0
107,405,794,low,payment_fraud,951.44,609,closed,0.0,277.96,2026-01-21 04:08:09,1.0
108,21,629,high,identity_theft,9924.08,52,investigating,1.0,978.47,2025-09-13 13:09:57,
109,972,547,low,payment_fraud,4140.86,654,open,1.0,38.34,2025-08-30 10:33:55,1.0
110,370,130,high,account_takeover,5310.79,983,open,1.0,3408.34,2025-11-27 18:09:47,1.0
111,27,918,high,payment_fraud,5184.75,715,closed,1.0,3297.55,2026-03-02 14:43:21,1.0
112,252,632,high,account_takeover,9646.73,46,investigating,0.0,1665.28,2025-11-26 10:48:51,1.0
113,567,418,medium,account_takeover,9488.26,232,closed,1.0,1444.21,2025-02-03 19:16:09,1.0
114,152,565,high,account_takeover,5523.26,520,closed,1.0,1664.33,2025-06-09 10:45:46,1.0
115,809,878,medium,identity_theft,1811.52,926,open,0.0,3829.0,2025-05-03 13:40:56,
116,343,727,low,payment_fraud,2150.53,207,investigating,1.0,1616.16,2025-05-20 06:02:11,
117,117,462,medium,account_takeover,2909.02,702,closed,0.0,1131.98,2026-02-09 00:59:41,1.0
118,794,884,medium,payment_fraud,5168.46,649,open,0.0,470.72,2026-01-30 03:07:38,
119,380,835,medium,account_takeover,4181.16,610,open,0.0,1540.76,2025-11-24 15:05:29,
120,994,571,low,identity_theft,8319.96,218,open,0.0,1313.42,2025-07-13 22:44:17,
121,432,168,low,payment_fraud,6832.21,552,closed,1.0,4610.29,2025-04-02 12:35:54,
122,80,893,low,account_takeover,8492.97,998,closed,1.0,1498.73,2025-07-26 21:54:42,
123,81,687,low,payment_fraud,6798.38,175,closed,0.0,2371.05,2026-04-26 03:31:17,
124,543,853,high,identity_theft,476.09,318,closed,1.0,864.8,2025-07-22 20:35:39,1.0
125,881,654,low,payment_fraud,9758.05,78,investigating,0.0,1336.75,2025-04-03 20:54:47,1.0
126,397,277,high,payment_fraud,994.73,907,investigating,0.0,1924.94,2025-07-30 02:19:29,1.0
127,575,652,low,payment_fraud,9286.41,974,closed,0.0,4800.82,2025-10-09 11:18:37,1.0
128,707,181,medium,payment_fraud,9336.83,708,open,0.0,4816.24,2025-10-05 12:59:43,
129,109,333,low,payment_fraud,9313.5,318,closed,0.0,1661.61,2026-04-13 19:21:43,1.0
130,291,58,high,account_takeover,9472.76,763,open,0.0,2698.48,2025-01-03 02:32:11,1.0
131,167,907,low,account_takeover,5789.39,577,closed,0.0,3725.9,2025-01-11 02:07:37,1.0
132,798,87,medium,identity_theft,8872.2,17,open,0.0,885.45,2025-04-21 13:48:06,
133,691,783,high,identity_theft,6846.07,453,open,1.0,365.14,2025-04-03 15:21:05,
134,119,617,high,payment_fraud,8278.62,795,investigating,0.0,113.04,2026-04-09 20:37:21,
135,852,397,high,identity_theft,90.59,899,closed,0.0,1114.19,2025-08-05 18:06:39,
136,516,189,low,identity_theft,8287.88,183,open,0.0,1755.35,2025-12-26 17:10:24,1.0
137,455,309,medium,payment_fraud,375.18,147,open,0.0,2016.0,2025-01-14 10:49:11,1.0
138,404,665,medium,account_takeover,3356.82,192,open,0.0,2768.19,2026-02-01 13:57:22,1.0
139,855,327,low,payment_fraud,1327.56,87,closed,0.0,131.25,2025-05-30 19:04:15,
140,852,479,medium,account_takeover,9070.19,453,investigating,1.0,2264.52,2026-03-19 06:14:25,1.0
141,960,199,medium,identity_theft,5763.29,467,open,1.0,2532.89,2025-04-25 07:48:00,1.0
142,330,347,medium,payment_fraud,3760.69,480,open,1.0,1918.29,2025-03-11 18:20:03,
143,606,682,low,identity_theft,5398.83,16,investigating,0.0,1062.37,2025-02-11 18:54:05,1.0
144,770,756,high,payment_fraud,4957.88,115,investigating,0.0,3855.48,2026-03-24 09:36:14,1.0
145,204,666,low,identity_theft,193.01,149,open,1.0,3503.65,2025-02-27 18:46:07,
146,721,941,high,account_takeover,258.83,352,open,1.0,3304.62,2025-06-24 17:34:00,1.0
147,901,468,high,identity_theft,4293.13,5,closed,0.0,4948.96,2025-09-20 14:27:53,
148,543,746,low,account_takeover,5882.67,500,open,1.0,2005.1,2025-02-15 22:36:38,
149,533,18,low,identity_theft,6444.34,247,closed,0.0,2885.0,2026-04-03 07:31:58,
150,803,616,high,account_takeover,6863.36,822,open,1.0,1679.52,2026-01-05 10:01:17,
151,722,609,low,account_takeover,1427.56,675,open,0.0,4962.45,2025-01-13 02:08:51,1.0
152,548,507,high,identity_theft,7506.02,57,open,0.0,1720.77,2025-11-05 00:03:15,
153,224,569,medium,identity_theft,8166.08,649,open,1.0,2389.79,2025-11-16 21:46:21,
154,798,477,high,identity_theft,3589.67,474,closed,0.0,2798.63,2025-03-12 09:56:36,1.0
155,703,267,medium,payment_fraud,4652.21,904,investigating,0.0,2246.69,2025-05-25 03:14:37,1.0
156,626,761,medium,account_takeover,5069.29,245,investigating,1.0,4823.59,2025-01-23 03:42:18,1.0
157,483,985,low,account_takeover,694.02,557,investigating,1.0,702.19,2025-05-05 20:48:37,1.0
158,875,167,high,account_takeover,4074.97,59,investigating,1.0,989.92,2025-04-03 22:17:56,1.0
159,267,895,low,payment_fraud,8696.18,823,open,0.0,3893.32,2025-03-29 11:01:41,
160,328,992,high,account_takeover,3251.87,726,open,1.0,2598.52,2025-04-04 15:26:10,
161,695,14,medium,payment_fraud,7493.1,463,closed,1.0,2566.14,2025-03-07 00:12:26,1.0
162,619,792,low,payment_fraud,5465.32,39,open,1.0,4899.89,2026-02-22 14:25:37,
163,239,783,high,payment_fraud,8098.09,110,closed,0.0,1516.97,2026-01-28 07:25:23,1.0
164,792,920,low,payment_fraud,8146.73,79,open,0.0,1009.15,2026-02-24 07:55:34,1.0
165,952,572,medium,identity_theft,685.96,447,closed,1.0,1917.74,2025-03-14 21:15:12,
166,84,278,high,account_takeover,788.84,37,closed,1.0,3906.74,2025-11-13 23:19:19,1.0
167,780,650,low,account_takeover,3207.51,730,open,1.0,359.54,2026-02-14 22:09:19,1.0
168,201,374,low,payment_fraud,565.42,155,closed,1.0,1879.4,2025-03-18 09:05:05,1.0
169,577,646,high,account_takeover,5953.03,101,investigating,0.0,2382.59,2025-04-22 11:49:54,
170,389,966,high,identity_theft,8731.26,416,investigating,0.0,3659.08,2025-05-10 13:35:30,1.0
171,992,748,medium,account_takeover,1240.17,54,closed,0.0,2578.09,2026-03-05 15:20:04,1.0
172,294,76,high,account_takeover,5680.25,970,closed,1.0,376.41,2026-03-21 02:53:44,
173,348,576,low,identity_theft,2441.07,417,open,0.0,380.91,2025-07-01 11:33:19,
174,413,557,high,identity_theft,994.0,248,investigating,0.0,2025.75,2025-08-06 22:05:42,1.0
175,815,982,high,payment_fraud,4364.84,608,closed,0.0,2044.3,2026-01-26 07:37:12,
176,562,656,high,account_takeover,7837.82,125,open,1.0,771.27,2025-01-29 16:57:37,1.0
177,407,792,medium,payment_fraud,7883.3,247,investigating,0.0,2555.11,2026-01-21 18:16:43,
178,33,113,medium,payment_fraud,8680.82,530,closed,0.0,284.27,2025-04-26 03:50:09,1.0
179,858,149,high,payment_fraud,3274.51,209,open,0.0,2375.47,2025-07-11 03:41:12,1.0
180,26,967,high,payment_fraud,1416.44,731,closed,1.0,3631.09,2025-02-24 15:32:57,1.0
181,106,11,medium,payment_fraud,988.34,332,open,0.0,582.06,2025-10-26 09:26:30,
182,809,790,medium,account_takeover,4513.12,43,open,1.0,2560.22,2025-06-12 15:21:04,1.0
183,214,765,medium,account_takeover,3981.56,800,investigating,0.0,2513.0,2026-02-27 23:18:01,1.0
184,844,511,high,identity_theft,1009.03,355,investigating,0.0,4524.78,2025-06-08 06:53:42,1.0
185,811,14,low,payment_fraud,3177.23,307,closed,0.0,2881.73,2026-02-24 12:06:23,1.0
186,745,627,low,payment_fraud,88.27,632,open,1.0,3114.33,2025-02-16 03:52:53,1.0
187,314,846,low,account_takeover,6032.62,143,open,1.0,4140.18,2025-05-14 05:16:37,
188,888,991,medium,account_takeover,3426.09,248,closed,1.0,1903.9,2025-04-27 11:10:57,1.0
189,953,911,high,payment_fraud,7578.02,853,open,1.0,2543.83,2026-04-02 00:05:34,1.0
190,846,478,high,account_takeover,8392.13,630,closed,1.0,69.51,2025-08-04 14:04:33,1.0
191,571,862,medium,account_takeover,5256.03,366,closed,0.0,1711.32,2025-08-12 10:01:59,
192,898,273,low,payment_fraud,2013.83,561,investigating,1.0,3305.51,2025-03-31 15:08:18,1.0
193,410,890,high,payment_fraud,7151.06,594,closed,1.0,3920.52,2025-01-21 15:49:04,1.0
194,417,126,high,identity_theft,9973.28,761,closed,1.0,2349.19,2025-07-16 00:28:45,
195,523,404,medium,identity_theft,4494.23,44,closed,1.0,2149.23,2025-02-20 16:51:10,1.0
196,478,212,low,identity_theft,1539.07,608,investigating,0.0,3125.99,2026-02-06 09:02:39,
197,688,55,low,account_takeover,5928.06,52,open,0.0,206.75,2025-01-21 03:05:28,1.0
198,351,489,high,payment_fraud,3025.11,321,open,1.0,3423.92,2026-03-09 19:50:31,1.0
199,332,866,medium,identity_theft,2858.84,439,open,0.0,1031.22,2026-03-27 19:29:03,
200,563,941,medium,payment_fraud,3412.43,19,open,1.0,508.79,2026-03-06 12:43:57,
201,89,866,medium,account_takeover,6578.06,108,closed,0.0,134.05,2025-04-30 21:34:49,
202,579,645,high,identity_theft,766.77,708,open,0.0,4851.42,2026-02-12 06:05:20,1.0
203,387,715,medium,account_takeover,921.48,936,closed,1.0,4488.51,2025-07-20 01:19:11,
204,304,487,high,account_takeover,4942.68,880,closed,0.0,4551.78,2025-06-19 08:17:02,1.0
205,763,354,low,identity_theft,4605.18,787,investigating,0.0,4759.38,2025-12-22 02:34:45,
206,529,950,high,payment_fraud,6229.06,392,investigating,1.0,1278.27,2026-04-28 18:15:27,
207,264,137,medium,identity_theft,4641.36,31,investigating,0.0,61.96,2025-06-15 07:42:55,1.0
208,986,423,high,account_takeover,4695.32,447,investigating,0.0,2848.92,2025-06-20 15:57:19,1.0
209,153,993,medium,identity_theft,4743.16,857,closed,0.0,1075.46,2025-12-31 08:25:32,1.0
210,354,810,high,account_takeover,5794.86,687,investigating,0.0,429.61,2025-04-07 02:43:25,
211,386,30,medium,payment_fraud,4880.17,224,open,0.0,3797.52,2026-04-29 08:51:42,
212,33,96,low,account_takeover,5704.65,401,investigating,1.0,1153.29,2025-02-23 00:43:05,
213,780,954,medium,payment_fraud,5587.87,224,open,0.0,2852.27,2026-04-26 02:31:24,1.0
214,178,890,high,account_takeover,6898.96,98,investigating,1.0,1225.58,2026-02-27 19:05:21,1.0
215,392,756,medium,identity_theft,6501.47,711,open,0.0,104.63,2025-12-07 10:47:37,
216,180,885,low,payment_fraud,2192.28,119,open,0.0,3705.62,2025-01-13 23:10:19,1.0
217,544,406,high,payment_fraud,2348.63,866,closed,1.0,731.15,2025-05-20 12:55:59,1.0
218,53,255,low,payment_fraud,7043.85,555,open,0.0,41.38,2025-06-27 08:11:44,
219,424,696,low,account_takeover,3316.0,822,investigating,0.0,3750.27,2025-05-26 14:45:18,1.0
220,763,654,medium,payment_fraud,7319.7,707,closed,0.0,1067.94,2025-03-14 17:21:39,1.0
221,732,986,high,payment_fraud,978.52,403,open,0.0,1919.48,2025-01-14 11:01:25,1.0
222,820,263,low,account_takeover,4731.5,905,open,1.0,175.89,2025-10-02 22:18:01,1.0
223,268,314,low,payment_fraud,8233.28,944,closed,0.0,2708.91,2026-01-06 18:29:52,
224,880,654,low,account_takeover,456.87,994,open,1.0,2285.72,2026-03-15 19:45:09,1.0
225,863,365,medium,payment_fraud,8018.57,400,open,0.0,109.15,2025-06-17 01:35:08,1.0
226,322,282,low,identity_theft,8378.02,311,open,1.0,3422.59,2026-03-03 18:06:43,1.0
227,125,992,low,identity_theft,4992.56,966,closed,0.0,2869.28,2025-07-10 07:11:46,1.0
228,977,698,low,payment_fraud,2866.86,686,closed,1.0,4560.32,2025-03-19 01:32:10,1.0
229,685,849,medium,account_takeover,8120.41,274,closed,1.0,1189.72,2025-12-24 14:19:43,
230,575,415,medium,payment_fraud,2278.72,78,closed,0.0,608.4,2026-04-18 15:15:23,
231,281,306,low,account_takeover,3820.9,299,investigating,1.0,2984.54,2025-08-13 20:03:02,
232,386,949,high,identity_theft,8004.05,913,open,1.0,642.2,2025-11-04 09:10:34,
233,671,748,low,identity_theft,7810.43,207,closed,1.0,3572.53,2025-10-11 12:43:06,
234,40,763,low,payment_fraud,73.59,97,closed,0.0,4657.31,2025-08-22 08:53:44,1.0
235,345,868,low,identity_theft,1888.08,173,investigating,0.0,59.56,2025-09-04 05:15:03,
236,241,124,high,identity_theft,8753.81,643,open,0.0,398.78,2026-04-16 00:13:15,
237,883,747,high,payment_fraud,7810.9,27,open,1.0,1866.27,2025-09-07 09:45:41,1.0
238,727,413,medium,payment_fraud,5967.94,854,open,0.0,3306.95,2025-03-26 20:56:19,1.0
239,817,522,low,payment_fraud,3166.4,737,closed,1.0,4614.82,2025-03-12 18:12:07,1.0
240,102,223,medium,payment_fraud,9958.27,682,open,1.0,4299.45,2025-01-30 13:31:05,1.0
241,983,133,low,identity_theft,9220.33,191,closed,0.0,4140.19,2025-05-23 11:02:41,1.0
242,318,546,medium,identity_theft,3905.28,44,closed,1.0,1262.02,2026-04-10 02:20:45,
243,131,842,high,payment_fraud,5468.67,558,closed,0.0,1415.16,2025-09-21 01:39:16,1.0
244,31,413,medium,account_takeover,5110.8,236,closed,0.0,2106.51,2025-10-20 23:32:54,
245,706,909,low,identity_theft,1492.45,854,open,1.0,2476.49,2025-07-15 11:41:08,
246,29,167,low,payment_fraud,1286.95,554,investigating,1.0,1620.03,2025-02-01 00:06:00,1.0
247,813,8,high,account_takeover,3224.23,119,investigating,0.0,2617.82,2025-01-22 06:40:16,
248,995,128,medium,account_takeover,8354.23,392,open,0.0,4641.38,2025-01-28 19:20:00,1.0
249,684,762,high,identity_theft,9021.93,762,investigating,0.0,1068.09,2026-04-14 11:23:46,
250,497,577,high,identity_theft,2469.76,746,open,1.0,1399.73,2025-06-06 14:15:44,1.0
251,189,100,low,identity_theft,9867.37,956,closed,1.0,1484.41,2025-03-17 03:37:54,1.0
252,471,618,low,payment_fraud,7054.59,518,investigating,0.0,4648.9,2025-12-16 00:59:13,
253,324,520,high,account_takeover,2095.8,66,open,1.0,3227.87,2025-05-12 07:41:31,
254,630,395,low,identity_theft,8050.88,322,investigating,0.0,4877.11,2025-12-29 10:49:05,1.0
255,6,821,low,payment_fraud,8177.69,125,open,1.0,3464.79,2025-10-05 21:15:24,
256,456,867,high,payment_fraud,6944.18,319,open,1.0,4095.03,2026-03-18 14:38:24,1.0
257,83,169,medium,identity_theft,4651.55,683,closed,1.0,3748.07,2025-04-24 09:16:37,1.0
258,522,555,high,payment_fraud,9202.84,620,closed,0.0,2923.95,2025-01-10 16:43:37,
259,449,988,high,payment_fraud,518.24,246,closed,1.0,1079.74,2025-10-13 19:41:23,
260,387,365,medium,payment_fraud,4332.53,280,open,0.0,4420.59,2026-03-23 19:33:10,1.0
261,674,162,low,identity_theft,5852.37,169,open,1.0,2933.47,2025-07-19 20:11:24,
262,593,445,low,payment_fraud,5841.58,552,open,0.0,1584.32,2025-07-13 16:44:02,
263,757,7,medium,identity_theft,4268.97,647,closed,0.0,2971.29,2025-02-24 23:21:24,1.0
264,127,121,medium,identity_theft,3083.95,6,closed,1.0,2476.24,2025-08-29 04:21:53,
265,16,503,low,payment_fraud,2140.36,875,investigating,0.0,2115.91,2026-02-13 08:28:49,
266,530,596,high,account_takeover,965.59,282,open,0.0,4925.66,2025-07-21 08:01:58,1.0
267,704,911,low,payment_fraud,9592.78,876,open,1.0,647.68,2025-09-09 07:49:50,1.0
268,195,152,medium,identity_theft,4878.93,926,investigating,0.0,4275.88,2025-04-27 23:13:50,1.0
269,43,663,low,account_takeover,8191.52,314,open,0.0,3192.25,2025-09-30 10:26:13,
270,511,167,medium,account_takeover,5149.41,841,closed,0.0,298.46,2026-01-15 13:20:29,1.0
271,922,453,low,identity_theft,6835.68,11,investigating,1.0,3024.13,2026-02-13 17:26:18,
272,89,686,high,payment_fraud,3834.66,903,open,1.0,1980.9,2025-10-24 23:23:38,1.0
273,211,154,high,account_takeover,1423.68,748,closed,0.0,1966.12,2025-08-16 20:00:31,1.0
274,730,553,low,payment_fraud,4546.65,184,investigating,1.0,601.22,2025-07-02 14:25:05,
275,109,20,medium,identity_theft,692.38,509,investigating,0.0,25.35,2025-06-16 19:44:26,
276,147,123,medium,payment_fraud,3089.52,390,investigating,1.0,3574.36,2025-02-01 06:39:38,1.0
277,901,597,high,identity_theft,4369.27,394,investigating,1.0,4820.9,2025-04-05 21:29:00,
278,55,300,medium,identity_theft,3067.64,850,closed,1.0,2112.61,2025-04-18 15:01:11,1.0
279,927,609,medium,payment_fraud,7233.34,418,closed,1.0,4597.99,2025-12-19 09:41:11,
280,252,999,medium,payment_fraud,8595.03,397,closed,1.0,3499.73,2025-12-11 07:19:05,
281,899,219,low,identity_theft,1818.32,101,closed,1.0,4773.63,2025-12-16 05:25:09,1.0
282,18,85,low,account_takeover,9487.27,888,closed,1.0,3680.12,2025-06-20 02:53:15,1.0
283,183,131,low,account_takeover,9566.19,114,closed,1.0,395.51,2025-06-05 05:35:53,1.0
284,650,282,medium,identity_theft,8615.03,162,open,0.0,4138.12,2025-10-18 16:16:29,
285,53,574,high,identity_theft,5601.56,691,investigating,1.0,2167.5,2025-04-10 07:38:00,
286,598,815,low,identity_theft,7809.19,674,open,1.0,741.54,2025-05-22 15:41:23,1.0
287,560,140,high,identity_theft,5505.66,339,closed,0.0,3007.17,2025-03-22 20:10:40,
288,777,565,high,payment_fraud,5556.3,882,open,0.0,3525.3,2026-04-20 06:06:36,1.0
289,697,714,medium,identity_theft,3853.59,71,investigating,1.0,4949.97,2025-02-19 17:03:54,
290,111,974,high,account_takeover,51.58,839,investigating,0.0,3278.02,2026-04-27 07:57:12,1.0
291,58,3,medium,identity_theft,9027.81,22,open,0.0,1638.44,2025-12-09 17:29:14,
292,827,249,medium,payment_fraud,1884.46,555,investigating,1.0,3021.01,2025-02-23 12:51:59,1.0
293,96,614,high,payment_fraud,1541.27,288,open,0.0,2142.09,2025-10-21 16:38:18,
294,83,372,low,identity_theft,9634.56,286,investigating,0.0,1630.45,2025-07-11 07:14:47,1.0
295,531,833,medium,account_takeover,9228.45,226,open,0.0,992.28,2025-12-25 02:21:35,1.0
296,982,901,low,identity_theft,9979.56,724,open,0.0,2401.79,2025-09-16 17:44:31,
297,701,802,medium,payment_fraud,7929.36,608,closed,1.0,1098.08,2025-02-12 13:27:27,1.0
298,698,312,high,account_takeover,8045.76,400,open,0.0,4478.45,2025-04-24 23:46:49,1.0
299,446,577,low,payment_fraud,5906.74,372,investigating,1.0,3657.74,2025-05-12 23:07:27,1.0
300,11,533,high,payment_fraud,7872.06,525,investigating,0.0,459.11,2026-03-16 19:10:59,
301,457,892,low,identity_theft,469.99,553,investigating,0.0,2086.58,2026-01-26 01:30:48,1.0
302,456,720,low,identity_theft,5463.07,513,closed,0.0,760.81,2025-08-19 23:45:51,
303,240,808,high,account_takeover,9579.67,242,open,1.0,2836.84,2025-02-03 05:51:51,1.0
304,9,293,high,identity_theft,9136.71,354,closed,0.0,2701.12,2025-12-26 12:44:31,
305,57,897,medium,identity_theft,8070.29,592,investigating,0.0,4478.7,2025-05-16 15:25:56,1.0
306,889,578,medium,identity_theft,8012.64,936,closed,1.0,4971.6,2025-04-01 18:58:01,
307,109,345,medium,account_takeover,8678.35,95,closed,1.0,4580.08,2026-03-21 01:58:55,1.0
308,347,359,low,identity_theft,9623.48,933,open,1.0,4895.72,2025-10-29 13:23:48,1.0
309,665,36,medium,account_takeover,370.55,180,closed,1.0,4212.41,2025-11-27 21:02:02,1.0
310,513,476,medium,identity_theft,9422.37,573,investigating,0.0,1268.91,2026-04-05 05:54:20,
311,743,964,medium,payment_fraud,3675.78,143,closed,1.0,2471.44,2025-12-11 11:47:51,
312,684,829,medium,payment_fraud,4640.3,306,investigating,1.0,2013.74,2026-03-09 12:47:29,
313,575,565,low,identity_theft,2845.93,304,investigating,1.0,1572.86,2025-08-31 02:26:01,
314,164,121,low,payment_fraud,4682.29,687,investigating,0.0,1403.95,2026-03-26 03:42:51,1.0
315,681,647,medium,payment_fraud,7024.45,395,investigating,0.0,602.11,2025-05-27 09:16:04,
316,668,318,medium,account_takeover,2228.21,836,investigating,0.0,391.6,2026-03-18 02:32:46,1.0
317,778,142,high,payment_fraud,2458.43,282,open,0.0,2109.81,2025-12-02 06:33:14,1.0
318,705,561,high,account_takeover,6962.44,63,open,0.0,4747.15,2026-01-22 16:41:17,1.0
319,999,935,high,account_takeover,75.08,487,open,0.0,4221.24,2025-05-17 19:31:03,1.0
320,412,142,low,identity_theft,4618.7,354,closed,1.0,2879.55,2025-05-13 10:30:27,
321,495,612,medium,identity_theft,2861.51,66,investigating,0.0,1632.27,2025-01-09 07:26:16,
322,768,782,medium,payment_fraud,2399.03,894,open,0.0,2249.23,2025-08-10 07:30:41,1.0
323,867,631,low,account_takeover,2031.23,363,closed,0.0,1815.76,2025-12-07 02:57:24,1.0
324,721,350,medium,account_takeover,4641.65,445,closed,0.0,4982.07,2026-03-02 03:56:27,
325,414,527,high,identity_theft,4015.22,787,investigating,0.0,3266.08,2025-05-06 08:56:21,1.0
326,406,365,low,account_takeover,3177.71,995,open,0.0,3403.98,2025-10-29 02:01:57,
327,225,147,medium,identity_theft,1237.42,183,open,0.0,1375.58,2025-02-03 13:02:27,
328,446,589,high,account_takeover,972.79,839,closed,1.0,4825.14,2025-01-02 17:51:42,1.0
329,861,974,high,account_takeover,5529.35,362,investigating,0.0,3864.56,2025-08-26 04:19:50,
330,651,879,low,identity_theft,1216.62,89,closed,0.0,4635.14,2025-05-24 10:29:52,1.0
331,221,279,low,account_takeover,8051.9,640,open,1.0,1712.63,2026-02-13 10:46:12,
332,189,487,high,payment_fraud,9374.88,847,closed,0.0,4792.66,2025-04-18 02:48:17,
333,546,77,low,account_takeover,3736.15,200,investigating,0.0,3059.73,2025-01-23 03:38:58,
334,333,794,high,payment_fraud,6614.11,22,open,1.0,3437.87,2025-06-11 22:54:05,
335,363,799,low,payment_fraud,6796.66,877,closed,1.0,2042.17,2026-03-11 18:16:52,1.0
336,401,897,high,identity_theft,846.88,56,investigating,1.0,1102.49,2025-06-13 15:39:02,1.0
337,981,466,high,identity_theft,5419.44,115,closed,0.0,4445.62,2025-01-07 01:25:45,
338,156,727,medium,payment_fraud,9903.02,986,open,1.0,650.96,2025-11-06 02:09:36,1.0
339,871,452,medium,identity_theft,4288.65,100,investigating,1.0,2506.78,2025-05-20 20:59:26,
340,327,797,low,account_takeover,3380.34,639,investigating,0.0,1954.69,2025-06-14 15:36:44,
341,435,349,low,identity_theft,8614.22,733,open,1.0,3201.82,2025-05-14 23:48:12,1.0
342,181,144,low,payment_fraud,6634.41,713,investigating,0.0,3971.75,2025-01-07 13:51:48,1.0
343,58,111,low,payment_fraud,1269.64,269,open,0.0,4842.24,2025-08-08 02:08:35,1.0
344,730,930,high,payment_fraud,8607.15,23,investigating,1.0,2478.47,2026-04-23 21:25:56,1.0
345,399,627,low,account_takeover,1507.13,942,investigating,0.0,3818.07,2025-08-24 01:27:38,
346,346,588,medium,payment_fraud,2264.99,735,investigating,1.0,1494.51,2025-10-30 16:12:03,
347,210,991,high,account_takeover,6613.78,675,open,0.0,3480.32,2026-01-10 10:03:20,
348,263,704,low,payment_fraud,5365.25,175,closed,0.0,790.24,2025-09-29 19:12:33,1.0
349,911,129,low,identity_theft,706.6,207,investigating,0.0,536.83,2026-02-25 14:10:31,1.0
350,671,957,high,payment_fraud,1900.94,125,open,0.0,2137.97,2025-10-09 17:06:40,1.0
351,359,272,low,account_takeover,5175.29,439,investigating,0.0,1464.07,2025-06-09 05:23:41,
352,139,101,high,account_takeover,912.83,907,closed,1.0,3842.01,2026-03-19 15:57:08,1.0
353,35,756,medium,identity_theft,691.44,270,investigating,0.0,3195.19,2025-09-08 06:33:34,1.0
354,513,245,medium,payment_fraud,6569.9,972,closed,1.0,1089.39,2025-04-21 20:16:56,1.0
355,506,572,medium,account_takeover,8093.69,206,investigating,0.0,192.93,2025-12-15 14:44:40,
356,637,371,low,account_takeover,6457.62,873,open,0.0,3831.28,2025-07-08 22:57:20,1.0
357,149,284,medium,identity_theft,5534.86,206,open,1.0,734.38,2025-12-03 18:09:04,1.0
358,598,590,medium,payment_fraud,8507.55,51,closed,1.0,3058.72,2025-02-23 11:09:31,
359,484,707,low,account_takeover,1931.33,990,investigating,0.0,2376.22,2025-04-04 07:58:47,
360,820,341,high,payment_fraud,7616.91,621,open,0.0,2131.1,2025-01-15 01:39:51,
361,950,179,medium,account_takeover,9520.39,619,open,0.0,689.68,2025-07-28 02:55:02,1.0
362,508,585,high,payment_fraud,8210.5,170,open,1.0,87.93,2026-02-24 21:31:17,
363,8,703,medium,account_takeover,5482.57,246,open,0.0,1682.13,2025-01-18 04:29:43,
364,359,59,low,identity_theft,2734.68,398,investigating,0.0,968.46,2026-04-27 14:40:43,1.0
365,479,322,medium,account_takeover,2368.33,424,investigating,0.0,1967.21,2025-01-26 09:56:42,1.0
366,736,999,low,identity_theft,7623.16,851,closed,0.0,55.41,2025-12-25 00:41:50,
367,826,830,low,account_takeover,61.01,829,open,0.0,1788.98,2025-03-19 13:08:01,1.0
368,678,694,medium,payment_fraud,1700.06,473,closed,1.0,2221.1,2025-11-10 17:13:26,1.0
369,129,58,medium,identity_theft,2275.23,416,closed,0.0,2547.48,2025-06-22 23:59:37,1.0
370,508,181,high,payment_fraud,1663.27,596,closed,0.0,1938.73,2025-08-19 22:05:41,
371,508,641,low,identity_theft,8063.77,851,investigating,0.0,1218.07,2025-04-25 02:38:08,1.0
372,213,790,low,payment_fraud,1958.16,266,investigating,0.0,4902.38,2025-03-29 21:03:29,1.0
373,61,55,high,payment_fraud,735.74,165,closed,0.0,4764.32,2025-03-22 20:45:20,1.0
374,181,456,low,account_takeover,7044.68,610,investigating,0.0,1848.17,2025-12-14 10:51:00,1.0
375,762,351,low,account_takeover,2057.05,963,closed,0.0,1746.84,2025-09-23 11:34:09,1.0
376,976,822,medium,payment_fraud,7431.61,848,closed,1.0,4769.15,2025-07-11 12:52:09,1.0
377,322,263,low,account_takeover,9874.68,886,closed,0.0,2174.33,2025-06-09 05:45:49,1.0
378,329,151,high,identity_theft,6294.81,325,investigating,1.0,803.85,2025-08-17 03:41:40,
379,467,981,low,account_takeover,8204.38,898,investigating,0.0,75.18,2025-05-23 12:36:12,1.0
380,441,732,medium,payment_fraud,7641.53,993,open,0.0,700.76,2025-11-13 22:40:33,1.0
381,350,638,high,identity_theft,1129.88,64,investigating,0.0,4705.93,2025-11-15 23:29:32,1.0
382,861,698,high,payment_fraud,4712.74,702,open,1.0,1126.12,2025-04-30 06:45:08,
383,978,463,low,identity_theft,4348.37,589,open,0.0,2675.67,2025-06-09 18:01:37,1.0
384,385,811,high,payment_fraud,9673.86,687,closed,1.0,1063.29,2025-10-09 14:05:08,
385,422,602,medium,payment_fraud,3709.22,397,open,0.0,3673.72,2025-01-27 21:51:35,
386,91,521,medium,identity_theft,7084.58,290,investigating,1.0,3785.6,2025-11-21 14:20:29,
387,827,951,medium,payment_fraud,742.26,917,investigating,0.0,1595.65,2025-12-10 03:14:51,1.0
388,974,545,medium,account_takeover,5822.34,654,open,1.0,2929.04,2026-02-25 16:14:33,
389,762,134,medium,account_takeover,5088.18,747,open,1.0,4826.42,2025-07-04 23:24:40,
390,515,737,medium,account_takeover,5980.72,670,investigating,1.0,1800.61,2026-02-26 12:17:59,1.0
391,146,372,medium,identity_theft,9573.85,871,investigating,1.0,3153.72,2025-03-12 12:49:51,1.0
392,933,873,medium,identity_theft,2903.15,700,closed,0.0,880.01,2025-04-18 11:09:34,
393,15,669,high,payment_fraud,8140.7,927,closed,1.0,2702.07,2025-05-13 17:11:38,1.0
394,958,869,low,account_takeover,9163.84,76,open,0.0,2131.31,2026-04-23 16:44:58,
395,245,542,medium,identity_theft,6707.34,967,closed,1.0,277.18,2025-11-04 15:52:53,
396,837,13,low,account_takeover,4070.97,608,closed,1.0,1158.32,2025-06-08 03:00:25,
397,393,245,medium,identity_theft,2717.09,35,open,0.0,3226.85,2025-12-21 11:04:46,
398,983,598,medium,account_takeover,8631.32,990,open,1.0,1543.6,2026-01-28 01:35:06,1.0
399,716,808,medium,identity_theft,2960.61,890,closed,0.0,1413.61,2026-01-01 20:01:20,
400,204,196,medium,account_takeover,6020.66,130,open,0.0,4732.9,2025-12-18 15:48:41,1.0
401,698,511,medium,payment_fraud,3887.83,749,investigating,0.0,2936.23,2025-06-10 16:45:40,
402,978,739,low,identity_theft,676.6,761,open,0.0,4788.41,2025-11-09 10:26:01,
403,381,184,medium,account_takeover,246.46,283,investigating,1.0,1245.1,2026-03-31 02:09:34,1.0
404,195,59,high,payment_fraud,6089.29,770,closed,1.0,771.57,2026-04-09 19:39:09,
405,538,206,medium,identity_theft,4598.27,817,closed,0.0,3313.54,2025-12-24 06:45:42,
406,208,286,high,identity_theft,968.54,335,closed,1.0,3440.95,2025-03-28 03:13:45,
407,172,747,medium,account_takeover,7294.82,463,closed,0.0,2945.03,2025-02-07 09:47:46,1.0
408,194,607,low,identity_theft,7957.89,850,investigating,0.0,1316.64,2025-05-10 05:14:57,1.0
409,627,177,medium,identity_theft,6351.25,213,open,0.0,3136.05,2025-04-26 19:53:51,1.0
410,975,83,low,account_takeover,7088.77,984,investigating,1.0,1388.49,2025-10-24 08:19:39,
411,801,433,high,account_takeover,8025.36,55,closed,0.0,2872.14,2025-11-19 04:59:30,
412,127,341,high,identity_theft,5363.99,329,investigating,0.0,2782.23,2025-03-18 15:51:26,1.0
413,250,991,medium,account_takeover,5901.41,709,investigating,1.0,2647.15,2025-01-05 05:41:54,
414,592,487,medium,identity_theft,6843.39,266,investigating,1.0,1929.17,2025-07-30 02:26:50,1.0
415,352,954,low,payment_fraud,8405.78,778,open,0.0,4306.82,2025-04-28 02:07:47,1.0
416,51,291,medium,account_takeover,8107.22,697,closed,1.0,3841.4,2025-02-24 16:45:58,
417,273,497,medium,payment_fraud,8965.25,355,closed,0.0,1724.22,2025-06-29 16:26:15,
418,335,264,high,account_takeover,9906.15,447,investigating,0.0,3062.37,2025-05-29 18:49:53,1.0
419,665,982,medium,account_takeover,6493.58,707,open,1.0,3022.75,2026-03-09 04:38:15,1.0
420,432,940,low,payment_fraud,3629.54,296,open,0.0,2152.31,2025-12-25 15:25:19,1.0
421,196,320,high,payment_fraud,892.01,126,open,1.0,2844.34,2025-07-17 20:19:59,
422,845,779,high,payment_fraud,9432.62,781,open,1.0,2303.27,2025-05-09 02:37:09,1.0
423,148,198,medium,identity_theft,771.5,809,open,1.0,4866.2,2025-05-14 17:08:23,1.0
424,31,810,high,account_takeover,2443.42,258,open,1.0,3790.74,2025-12-03 10:19:23,
425,947,211,low,payment_fraud,1371.61,611,open,0.0,3757.21,2025-11-25 12:36:32,
426,510,949,low,payment_fraud,3231.08,299,open,0.0,4971.48,2025-11-17 19:28:51,
427,560,449,medium,identity_theft,3483.38,625,investigating,0.0,852.2,2026-01-17 18:48:14,
428,515,626,low,account_takeover,9173.55,545,closed,0.0,4279.6,2025-02-12 20:46:24,1.0
429,452,983,low,identity_theft,2781.47,705,open,1.0,2559.01,2025-09-07 12:18:58,1.0
430,136,539,medium,account_takeover,9570.7,663,open,0.0,3428.46,2025-11-28 23:31:24,1.0
431,600,442,low,payment_fraud,5951.67,661,closed,1.0,971.76,2026-01-07 19:02:59,
432,162,79,medium,account_takeover,2107.61,666,investigating,1.0,2207.67,2025-11-16 01:16:03,
433,540,975,medium,identity_theft,6868.51,220,investigating,0.0,2444.4,2025-08-24 13:00:25,
434,899,125,medium,identity_theft,2407.5,536,open,1.0,569.8,2025-10-19 09:02:08,
435,217,616,low,identity_theft,1025.61,218,open,0.0,2962.39,2025-07-21 12:51:12,1.0
436,808,643,high,payment_fraud,4596.29,165,closed,1.0,2417.6,2025-02-06 13:43:02,1.0
437,75,552,low,identity_theft,6169.76,809,investigating,1.0,1261.5,2026-01-09 22:25:38,
438,397,226,high,payment_fraud,3668.85,35,investigating,1.0,1430.09,2025-12-29 19:59:42,
439,718,284,high,account_takeover,1976.71,959,closed,1.0,3711.34,2025-08-16 21:58:34,
440,252,225,high,account_takeover,5854.17,198,closed,1.0,4714.0,2025-10-11 11:35:23,1.0
441,283,880,medium,account_takeover,2431.63,333,investigating,1.0,1810.08,2026-03-03 18:11:55,1.0
442,410,821,low,payment_fraud,2677.57,79,closed,1.0,831.81,2026-01-27 19:04:48,
443,797,481,medium,payment_fraud,2988.87,396,open,1.0,3935.11,2025-09-06 15:02:08,1.0
444,208,359,low,account_takeover,1139.36,971,closed,1.0,2018.99,2025-02-18 04:39:43,1.0
445,404,220,medium,payment_fraud,3301.55,60,open,1.0,358.27,2025-10-25 01:52:32,
446,255,827,low,identity_theft,6223.72,468,closed,0.0,4183.99,2025-05-29 19:12:57,
447,388,519,low,payment_fraud,2167.35,493,open,1.0,3563.54,2026-03-10 12:05:06,
448,10,675,low,identity_theft,2529.18,522,investigating,0.0,2449.58,2025-11-27 17:30:34,1.0
449,410,783,high,account_takeover,1600.87,55,investigating,0.0,887.04,2025-11-10 13:01:20,1.0
450,50,962,low,payment_fraud,6230.83,843,investigating,0.0,2211.31,2026-04-03 04:37:16,1.0
451,5,831,low,account_takeover,8328.44,225,investigating,0.0,4089.61,2025-08-13 18:29:30,1.0
452,812,215,high,account_takeover,6734.29,197,investigating,0.0,1068.83,2025-08-09 01:11:08,
453,149,11,low,payment_fraud,1529.87,592,investigating,0.0,4283.84,2026-01-19 19:34:03,
454,598,188,high,account_takeover,8841.96,685,closed,0.0,230.1,2025-11-12 19:20:41,
455,965,395,medium,account_takeover,2199.52,810,closed,1.0,663.01,2025-11-15 14:08:05,
456,272,175,high,payment_fraud,1451.68,605,open,1.0,641.57,2026-03-15 22:25:05,1.0
457,735,177,medium,payment_fraud,9941.59,342,investigating,1.0,2368.98,2025-10-29 07:46:03,
458,321,869,medium,account_takeover,568.86,946,closed,0.0,2216.7,2025-08-19 11:50:48,1.0
459,375,49,low,identity_theft,4620.46,605,open,0.0,1480.16,2025-10-20 10:58:19,
460,891,973,low,identity_theft,4135.54,815,closed,0.0,2066.86,2025-02-07 14:52:55,
461,465,980,low,account_takeover,8364.64,826,investigating,1.0,842.1,2026-02-08 14:59:58,
462,617,343,low,account_takeover,2393.28,91,open,1.0,519.74,2025-08-26 07:50:44,1.0
463,714,775,low,account_takeover,9859.56,989,closed,0.0,4572.06,2025-03-30 17:07:17,1.0
464,833,708,medium,account_takeover,6830.07,804,investigating,0.0,2813.9,2026-03-25 07:26:40,1.0
465,253,497,medium,account_takeover,4288.77,288,closed,1.0,3918.98,2026-02-24 04:48:31,
466,490,927,medium,account_takeover,5516.7,434,closed,1.0,4961.46,2025-06-03 13:02:46,
467,275,893,high,account_takeover,7407.7,942,open,0.0,3294.32,2025-10-22 02:10:41,1.0
468,649,602,medium,payment_fraud,3946.74,677,investigating,1.0,849.29,2025-07-10 15:16:32,
469,305,402,low,account_takeover,4160.18,5,closed,0.0,1916.46,2025-11-04 23:32:21,1.0
470,812,598,high,payment_fraud,2989.47,266,investigating,1.0,1343.75,2025-12-23 06:15:01,
471,88,785,medium,identity_theft,4977.2,877,investigating,0.0,1710.15,2025-11-20 11:00:29,1.0
472,509,88,low,payment_fraud,9504.11,902,closed,0.0,4319.93,2025-12-04 19:26:50,
473,261,544,high,identity_theft,3565.94,277,investigating,1.0,2890.93,2026-01-23 00:51:12,1.0
474,674,575,high,payment_fraud,4195.77,616,open,1.0,1984.01,2025-12-13 00:09:04,1.0
475,898,687,low,account_takeover,930.49,35,open,0.0,2042.22,2025-02-27 01:16:00,
476,425,927,medium,account_takeover,907.73,952,open,0.0,4395.6,2025-11-23 05:56:18,1.0
477,47,980,medium,identity_theft,7085.71,643,open,0.0,4066.84,2025-07-03 11:52:53,1.0
478,469,749,high,payment_fraud,3379.46,675,investigating,1.0,365.03,2026-03-27 13:53:25,1.0
479,986,827,high,identity_theft,4106.69,197,open,0.0,3228.45,2025-05-16 14:01:41,1.0
480,712,259,high,identity_theft,2553.24,942,closed,1.0,3734.43,2025-02-19 19:49:21,
481,188,51,high,identity_theft,1963.62,651,open,1.0,2231.46,2025-05-28 04:00:33,1.0
482,320,377,medium,account_takeover,6948.21,157,closed,0.0,4708.58,2025-11-04 16:57:44,
483,11,674,high,identity_theft,9439.54,929,investigating,0.0,2157.88,2025-10-11 04:29:36,1.0
484,627,30,medium,account_takeover,1344.36,550,investigating,1.0,2997.73,2025-06-18 16:35:37,1.0
485,412,433,high,identity_theft,5482.5,480,open,1.0,21.39,2026-04-22 04:38:19,
486,893,332,high,identity_theft,9686.52,310,open,1.0,3036.14,2026-02-05 06:37:48,
487,592,629,low,account_takeover,2183.18,507,investigating,0.0,2984.07,2026-02-16 18:03:40,
488,109,687,low,identity_theft,4923.59,189,closed,0.0,1274.94,2025-09-02 09:20:46,1.0
489,612,398,high,account_takeover,8088.75,340,open,0.0,979.65,2026-02-13 15:05:22,
490,670,477,low,identity_theft,869.51,766,investigating,0.0,2744.06,2025-05-29 04:26:36,
491,899,66,medium,account_takeover,3056.29,451,open,0.0,4129.93,2026-04-27 05:21:15,1.0
492,323,63,high,payment_fraud,8924.61,857,investigating,1.0,2153.35,2026-01-19 00:36:42,1.0
493,392,19,medium,identity_theft,1170.74,51,closed,1.0,4059.86,2025-10-24 23:16:34,
494,461,433,high,identity_theft,4787.61,130,closed,0.0,3221.99,2025-10-11 06:29:11,
495,996,998,low,payment_fraud,423.98,919,closed,1.0,1163.37,2026-02-12 15:22:14,1.0
496,136,479,high,identity_theft,7257.38,560,open,0.0,1180.48,2025-08-23 02:05:27,1.0
497,553,336,low,account_takeover,4167.06,677,closed,0.0,4502.08,2025-09-01 01:06:07,
498,882,314,low,account_takeover,695.62,255,open,0.0,2815.77,2026-04-25 16:14:18,1.0
499,603,142,low,payment_fraud,6916.72,173,closed,1.0,41.87,2026-03-17 08:42:49,1.0
500,617,902,high,payment_fraud,221.05,717,closed,0.0,856.48,2026-03-11 10:23:10,
501,912,188,high,payment_fraud,4269.5,705,closed,0.0,3542.86,2026-03-28 21:06:55,1.0
502,795,330,low,account_takeover,8241.62,152,investigating,1.0,120.28,2026-02-24 00:08:43,1.0
503,365,225,low,account_takeover,9951.18,926,closed,1.0,1403.36,2025-07-31 07:21:42,1.0
504,861,796,medium,identity_theft,753.83,52,closed,0.0,2350.0,2025-12-17 01:25:38,1.0
505,849,16,high,account_takeover,2208.99,93,closed,0.0,803.7,2025-10-11 22:17:20,
506,717,824,low,identity_theft,1699.37,358,closed,1.0,986.35,2026-03-21 15:01:21,1.0
507,123,13,low,payment_fraud,5006.9,683,investigating,0.0,3420.02,2026-01-20 04:18:14,1.0
508,470,725,high,identity_theft,919.81,55,closed,0.0,1664.86,2025-10-08 03:56:55,1.0
509,163,324,low,identity_theft,2208.51,539,open,0.0,1025.88,2025-11-13 14:22:18,1.0
510,260,604,medium,payment_fraud,7058.95,635,investigating,1.0,1173.57,2026-01-03 16:24:17,1.0
511,589,357,high,account_takeover,3592.35,278,closed,1.0,3434.42,2025-10-10 06:56:49,
512,61,578,high,identity_theft,7189.81,428,investigating,1.0,524.35,2025-10-04 05:57:06,
513,514,634,high,account_takeover,4992.14,560,closed,0.0,2565.54,2025-03-12 11:59:26,1.0
514,636,690,low,identity_theft,9760.53,54,investigating,1.0,3949.31,2026-04-24 16:32:09,1.0
515,328,233,high,account_takeover,6895.53,894,closed,1.0,4139.75,2025-03-25 01:38:57,1.0
516,207,824,high,identity_theft,9940.83,79,investigating,0.0,3011.91,2026-04-11 20:04:48,
517,830,854,medium,identity_theft,6987.68,514,closed,0.0,176.63,2025-11-28 01:43:19,
518,737,293,medium,identity_theft,1177.95,357,investigating,0.0,3295.8,2025-01-07 08:37:23,1.0
519,243,924,low,account_takeover,4857.18,424,investigating,1.0,4092.62,2026-01-26 04:03:26,1.0
520,925,136,high,payment_fraud,3418.75,506,closed,0.0,708.22,2025-10-24 13:48:35,
521,983,827,high,payment_fraud,9902.48,432,closed,0.0,377.73,2025-12-31 01:42:01,
522,14,34,low,payment_fraud,483.4,964,closed,1.0,280.74,2025-03-21 14:49:33,
523,470,704,high,identity_theft,9173.0,459,open,1.0,91.19,2026-01-18 11:22:17,1.0
524,357,21,low,account_takeover,7857.91,928,closed,0.0,3038.72,2025-11-06 20:47:04,
525,872,421,low,payment_fraud,7880.61,812,closed,1.0,3046.26,2025-08-27 12:45:00,
526,523,563,high,payment_fraud,5937.78,183,investigating,1.0,2034.03,2025-12-03 03:51:22,1.0
527,199,265,low,account_takeover,5998.13,230,closed,1.0,4969.76,2025-12-02 21:31:26,1.0
528,441,83,medium,payment_fraud,1309.9,623,closed,1.0,3950.53,2026-03-12 00:35:30,
529,694,307,medium,account_takeover,4079.54,823,open,1.0,699.63,2026-01-28 23:52:21,1.0
530,810,831,low,identity_theft,8192.22,271,closed,0.0,671.12,2026-04-19 02:51:01,1.0
531,916,315,low,payment_fraud,6796.48,138,investigating,1.0,2627.08,2025-12-01 00:02:53,
532,154,551,high,identity_theft,2844.8,80,closed,0.0,411.56,2025-06-10 20:35:46,1.0
533,398,232,low,payment_fraud,6713.09,723,closed,0.0,4816.69,2025-10-03 21:43:18,
534,956,748,high,identity_theft,1120.82,753,closed,1.0,2473.02,2026-04-30 16:24:19,1.0
535,136,427,low,payment_fraud,3396.57,779,investigating,0.0,4659.02,2025-01-14 02:27:46,
536,395,735,high,account_takeover,3723.47,638,closed,1.0,1882.82,2026-02-16 08:48:21,
537,854,204,medium,payment_fraud,3643.8,420,investigating,0.0,2285.85,2025-07-05 13:04:03,1.0
538,923,70,medium,identity_theft,4935.1,688,investigating,1.0,4383.78,2025-10-23 14:15:09,1.0
539,749,676,low,payment_fraud,7339.85,408,open,0.0,3104.8,2025-05-09 06:41:00,1.0
540,242,250,medium,identity_theft,2467.83,761,closed,1.0,3829.5,2025-12-07 22:25:50,
541,534,760,low,account_takeover,900.02,648,closed,1.0,3929.81,2025-05-23 04:52:54,1.0
542,778,602,medium,payment_fraud,956.51,535,open,1.0,1431.54,2025-12-21 18:53:45,1.0
543,913,831,low,identity_theft,5697.19,241,investigating,1.0,3363.38,2025-11-21 01:09:55,1.0
544,864,269,high,identity_theft,4027.51,514,closed,1.0,3115.57,2025-03-31 01:25:45,
545,262,933,low,identity_theft,9991.58,487,closed,0.0,531.41,2025-07-21 00:37:30,
546,934,803,low,account_takeover,1444.44,605,investigating,0.0,1896.86,2026-01-09 20:43:13,
547,854,130,low,payment_fraud,3823.85,578,closed,0.0,2021.45,2025-06-10 15:20:39,
548,886,141,high,identity_theft,5775.7,42,open,0.0,215.05,2025-12-09 08:48:35,
549,225,376,medium,identity_theft,5853.52,928,open,1.0,3025.63,2026-04-03 04:28:14,
550,34,85,medium,account_takeover,233.94,415,closed,0.0,2338.85,2025-05-08 14:48:13,
551,951,393,high,account_takeover,1108.49,648,closed,0.0,2498.79,2025-01-08 22:20:42,
552,550,597,medium,account_takeover,9184.47,658,closed,0.0,1614.23,2025-12-06 09:55:48,
553,479,243,low,account_takeover,7608.12,404,investigating,1.0,3082.23,2025-07-16 13:58:59,1.0
554,627,787,high,account_takeover,1180.21,93,closed,1.0,3649.08,2025-06-26 08:59:30,
555,116,367,medium,identity_theft,994.41,65,open,1.0,4938.73,2025-12-22 09:53:50,
556,551,904,medium,identity_theft,9802.98,644,closed,1.0,71.02,2025-09-11 07:26:47,
557,985,280,high,identity_theft,3470.88,421,open,0.0,2076.22,2026-02-22 15:02:31,1.0
558,80,953,high,account_takeover,9111.23,800,open,0.0,1126.61,2025-06-17 13:21:44,
559,536,662,medium,account_takeover,9668.15,578,investigating,0.0,1233.18,2025-05-24 17:22:32,1.0
560,379,847,medium,identity_theft,407.31,653,closed,1.0,3575.59,2025-06-16 10:41:40,
561,99,720,medium,identity_theft,6452.12,528,open,0.0,1183.19,2025-09-28 17:29:01,1.0
562,405,602,high,payment_fraud,7361.6,240,open,0.0,4945.48,2025-10-10 10:49:03,1.0
563,223,966,low,account_takeover,3595.9,590,investigating,1.0,3049.38,2026-01-26 17:38:38,1.0
564,891,200,high,payment_fraud,6259.54,129,closed,1.0,3984.64,2025-04-23 23:20:45,
565,640,258,low,account_takeover,762.27,217,investigating,0.0,3983.74,2025-05-22 13:50:21,1.0
566,180,723,low,account_takeover,9027.4,129,closed,1.0,4799.1,2025-10-02 15:17:57,
567,518,585,low,payment_fraud,4218.14,884,investigating,1.0,2854.87,2025-05-16 15:31:14,
568,87,696,medium,payment_fraud,2400.16,168,closed,1.0,3925.13,2026-01-01 12:59:44,
569,92,490,high,identity_theft,9559.51,213,open,0.0,1870.72,2025-12-26 18:07:59,1.0
570,915,948,low,identity_theft,6524.56,990,investigating,0.0,4429.91,2025-06-05 07:30:05,1.0
571,584,848,medium,payment_fraud,9141.18,60,investigating,0.0,2651.22,2025-08-31 04:25:22,1.0
572,880,498,low,payment_fraud,6055.64,62,open,0.0,3931.32,2025-07-07 16:04:17,
573,732,991,low,account_takeover,883.14,293,closed,1.0,4893.08,2025-07-20 09:35:42,1.0
574,64,559,medium,identity_theft,8243.79,300,closed,1.0,4440.43,2025-08-26 01:33:35,
575,429,47,high,account_takeover,5081.81,218,closed,1.0,2001.34,2025-02-16 00:11:24,1.0
576,729,165,high,identity_theft,6900.17,880,closed,1.0,2411.14,2025-06-09 10:23:11,1.0
577,167,926,high,identity_theft,5003.93,909,investigating,1.0,51.36,2025-01-29 23:09:01,1.0
578,368,201,medium,account_takeover,1034.71,153,investigating,1.0,2033.22,2025-02-20 02:31:29,
579,59,846,low,payment_fraud,8927.86,553,investigating,1.0,1146.71,2025-10-06 16:39:38,1.0
580,274,570,low,payment_fraud,4955.79,18,open,0.0,705.21,2025-06-08 11:14:48,1.0
581,268,962,low,account_takeover,5184.54,277,open,0.0,3609.28,2026-03-11 05:16:18,
582,549,160,medium,payment_fraud,1916.56,959,closed,1.0,3746.57,2025-05-31 14:45:17,1.0
583,411,276,high,payment_fraud,7979.71,898,closed,0.0,1241.02,2025-11-19 05:12:11,
584,285,657,high,account_takeover,8668.0,873,open,0.0,4083.84,2026-04-05 10:01:59,
585,659,25,low,payment_fraud,448.18,827,investigating,0.0,1241.38,2026-04-24 01:34:41,
586,884,110,medium,payment_fraud,7014.2,176,closed,0.0,2811.47,2026-03-31 06:07:11,1.0
587,970,642,medium,identity_theft,4746.51,318,open,0.0,3696.5,2025-11-30 00:38:40,
588,998,217,high,account_takeover,861.53,913,investigating,1.0,1580.29,2025-03-04 21:44:19,
589,46,750,low,payment_fraud,8856.77,359,closed,0.0,3674.41,2025-10-25 00:03:57,1.0
590,218,732,high,identity_theft,6007.91,65,open,0.0,2443.93,2026-01-18 19:06:28,
591,633,907,medium,identity_theft,1381.63,106,closed,1.0,2418.68,2025-05-27 11:45:05,1.0
592,600,287,high,account_takeover,2605.08,549,open,0.0,52.66,2025-05-01 03:31:07,
593,273,738,medium,identity_theft,5385.39,39,investigating,1.0,3230.64,2025-02-14 13:29:53,1.0
594,910,62,high,payment_fraud,8009.25,507,open,1.0,205.81,2026-03-24 17:08:39,1.0
595,352,455,medium,account_takeover,1061.59,284,closed,0.0,56.75,2026-01-18 03:31:03,
596,71,816,low,identity_theft,4132.0,946,closed,1.0,3367.61,2025-06-02 10:36:06,1.0
597,236,262,high,payment_fraud,724.66,849,open,0.0,2080.54,2025-08-29 17:41:15,1.0
598,945,849,medium,payment_fraud,860.83,42,investigating,1.0,4047.4,2025-08-23 06:25:25,
599,547,251,medium,account_takeover,6547.43,100,open,1.0,2200.91,2025-07-10 07:21:44,1.0
600,513,967,medium,account_takeover,8664.2,854,closed,1.0,2034.99,2025-05-02 14:15:53,
601,29,31,high,identity_theft,3551.5,242,open,0.0,3692.39,2025-06-13 22:36:45,
602,870,360,high,identity_theft,3030.64,220,closed,0.0,4510.34,2026-01-12 11:51:19,
603,691,335,medium,identity_theft,2156.67,657,open,1.0,4797.45,2025-11-03 06:31:52,1.0
604,201,705,low,account_takeover,3417.93,449,investigating,1.0,4697.02,2025-04-15 07:30:12,1.0
605,989,144,medium,account_takeover,2641.74,556,investigating,1.0,2330.83,2025-01-02 01:37:29,
606,685,978,high,payment_fraud,9893.92,435,open,1.0,4808.87,2025-11-03 00:22:27,
607,382,73,low,account_takeover,2425.82,579,open,0.0,3498.9,2025-10-08 04:12:38,1.0
608,506,872,high,identity_theft,8204.36,424,investigating,0.0,435.89,2026-03-29 03:15:26,1.0
609,984,509,medium,account_takeover,4104.84,341,open,1.0,4741.45,2025-08-26 06:50:32,
610,980,253,high,identity_theft,8319.06,667,investigating,0.0,4883.54,2025-11-14 15:03:09,1.0
611,966,572,low,identity_theft,2785.82,915,investigating,1.0,2465.32,2025-07-08 22:58:37,
612,474,818,high,account_takeover,4870.45,149,closed,1.0,4331.74,2026-01-25 12:31:16,1.0
613,331,420,low,payment_fraud,4051.09,580,open,1.0,2118.56,2026-03-20 00:26:19,1.0
614,856,807,high,account_takeover,2170.72,130,investigating,1.0,2208.94,2025-04-05 19:49:07,
615,619,169,high,account_takeover,8467.79,462,investigating,0.0,2462.24,2025-02-01 18:36:31,1.0
616,102,448,medium,account_takeover,6862.08,650,closed,1.0,4655.95,2025-04-13 03:30:49,
617,699,602,low,identity_theft,2535.97,336,investigating,1.0,82.1,2025-04-16 12:58:30,1.0
618,730,664,high,identity_theft,2753.41,925,investigating,1.0,2209.58,2025-01-17 20:48:38,1.0
619,653,603,low,account_takeover,1492.44,31,investigating,0.0,4799.84,2026-04-14 07:04:25,
620,429,608,medium,identity_theft,2805.13,277,closed,0.0,1720.94,2025-08-31 05:08:35,1.0
621,644,495,medium,payment_fraud,3930.2,730,closed,1.0,2406.83,2025-01-22 14:27:22,1.0
622,811,758,medium,payment_fraud,6853.64,772,closed,1.0,835.6,2025-09-09 14:24:29,1.0
623,854,4,low,payment_fraud,5720.93,475,closed,1.0,2169.32,2025-05-22 14:15:33,1.0
624,910,476,medium,payment_fraud,9458.53,892,investigating,0.0,2854.97,2026-04-24 15:20:42,
625,122,163,high,account_takeover,2704.95,556,investigating,0.0,1538.1,2025-12-23 09:37:23,
626,452,536,high,account_takeover,1994.54,383,closed,0.0,3516.32,2025-09-13 19:34:21,1.0
627,118,683,high,account_takeover,68.31,957,closed,1.0,1169.32,2025-05-18 15:54:49,
628,599,723,medium,account_takeover,9841.69,415,investigating,1.0,78.96,2025-12-11 01:00:41,1.0
629,200,857,low,identity_theft,9212.24,525,closed,1.0,4757.13,2025-04-07 22:20:55,1.0
630,128,459,medium,account_takeover,844.84,749,open,1.0,4528.27,2025-11-24 23:13:22,
631,579,290,low,payment_fraud,4474.82,776,open,1.0,4567.28,2025-03-30 19:15:29,1.0
632,193,177,high,account_takeover,8025.3,425,investigating,1.0,4781.12,2025-02-24 23:28:12,1.0
633,788,956,low,identity_theft,3918.92,328,investigating,0.0,2937.82,2026-04-02 16:56:06,
634,580,302,high,identity_theft,5115.78,973,investigating,1.0,468.63,2025-05-27 05:55:12,
635,211,703,medium,payment_fraud,2465.48,512,investigating,0.0,2560.7,2025-05-05 21:39:59,1.0
636,558,515,low,account_takeover,910.67,284,open,1.0,4098.76,2026-01-08 13:10:48,1.0
637,539,493,high,payment_fraud,3054.55,544,open,1.0,3971.14,2025-11-20 14:04:50,1.0
638,335,337,high,payment_fraud,7525.77,797,closed,1.0,2073.89,2025-03-19 21:36:05,
639,507,379,medium,identity_theft,4079.3,205,closed,0.0,159.14,2026-03-11 20:25:58,
640,831,388,medium,payment_fraud,8109.76,957,closed,0.0,1832.86,2025-04-09 00:07:11,1.0
641,760,863,medium,payment_fraud,8171.37,437,open,1.0,1131.77,2025-04-19 21:56:51,1.0
642,170,211,low,account_takeover,4632.9,774,open,1.0,1596.89,2026-04-15 02:20:25,
643,334,94,low,payment_fraud,3755.93,394,investigating,0.0,1950.05,2025-07-05 14:02:21,1.0
644,364,131,high,account_takeover,822.54,866,closed,1.0,2209.81,2025-01-23 01:40:40,
645,372,373,medium,identity_theft,2654.51,734,closed,0.0,1193.1,2025-05-26 02:23:15,1.0
646,57,674,medium,identity_theft,8623.16,140,closed,0.0,3681.65,2025-06-28 16:24:47,
647,306,257,medium,account_takeover,452.16,578,closed,0.0,1545.65,2026-02-16 14:36:39,
648,688,966,low,payment_fraud,3193.21,409,investigating,1.0,2354.25,2025-09-10 23:23:36,
649,333,974,low,payment_fraud,5834.4,245,investigating,1.0,3267.25,2025-11-23 21:16:59,
650,639,532,high,identity_theft,1005.08,741,closed,1.0,2263.23,2026-03-10 12:48:40,1.0
651,237,139,low,payment_fraud,368.72,757,investigating,0.0,736.37,2025-06-12 18:19:06,1.0
652,307,279,medium,account_takeover,1664.65,38,open,0.0,2455.86,2025-04-09 23:40:22,1.0
653,775,177,medium,payment_fraud,292.34,866,investigating,0.0,4685.43,2025-08-23 00:13:59,
654,851,98,low,payment_fraud,3922.28,805,open,1.0,2079.37,2025-07-04 14:33:19,
655,864,67,medium,payment_fraud,7762.28,114,investigating,1.0,665.16,2025-06-03 05:45:05,1.0
656,430,506,high,payment_fraud,2835.3,1,open,0.0,2160.45,2025-10-06 19:04:26,1.0
657,413,462,high,account_takeover,6304.55,49,open,0.0,3059.55,2025-08-02 18:23:21,1.0
658,376,837,medium,identity_theft,8334.23,279,open,0.0,590.2,2025-01-11 16:22:53,1.0
659,170,346,high,account_takeover,9404.65,959,closed,0.0,809.38,2025-06-11 03:06:33,
660,354,22,low,account_takeover,9814.94,223,investigating,1.0,423.01,2025-10-30 10:59:54,1.0
661,15,955,high,payment_fraud,6224.44,114,open,1.0,4846.75,2026-03-02 00:52:05,
662,886,983,medium,identity_theft,9119.28,562,investigating,0.0,4558.84,2025-07-04 02:47:18,1.0
663,973,813,low,payment_fraud,7888.56,763,closed,0.0,741.41,2025-09-22 11:06:46,
664,502,138,low,identity_theft,1842.69,682,open,1.0,1758.92,2025-03-22 02:08:00,1.0
665,174,209,low,identity_theft,597.09,977,investigating,1.0,3523.91,2025-01-22 17:21:21,1.0
666,525,588,medium,identity_theft,6331.71,150,open,0.0,3614.11,2025-01-12 20:40:21,1.0
667,187,899,medium,account_takeover,2631.92,346,investigating,0.0,4678.78,2026-02-19 13:26:39,1.0
668,188,284,medium,payment_fraud,7329.57,375,open,1.0,2528.7,2025-04-24 11:12:05,
669,412,778,high,identity_theft,8415.39,769,investigating,1.0,3676.53,2025-11-20 08:37:22,1.0
670,874,57,medium,payment_fraud,9956.83,645,closed,0.0,923.93,2025-06-27 08:23:06,
671,126,364,low,account_takeover,3286.01,736,open,1.0,2608.89,2025-02-15 13:43:57,1.0
672,674,563,low,identity_theft,6392.84,164,investigating,1.0,4611.08,2025-08-07 11:40:10,
673,710,734,medium,account_takeover,9611.3,411,closed,0.0,1470.91,2025-11-05 04:37:45,
674,584,864,medium,account_takeover,9847.52,231,investigating,0.0,3341.46,2025-09-02 09:42:31,
675,873,444,high,payment_fraud,8400.59,622,open,0.0,1008.94,2025-04-01 11:11:07,1.0
676,154,186,high,account_takeover,8305.93,811,open,0.0,4358.38,2026-04-12 23:38:26,
677,237,722,low,identity_theft,9534.34,826,investigating,1.0,159.9,2025-09-23 09:16:59,1.0
678,545,697,low,payment_fraud,1544.9,255,open,0.0,2179.68,2025-07-23 16:25:39,1.0
679,280,883,medium,account_takeover,9485.47,872,open,1.0,1239.52,2025-10-16 04:04:16,
680,544,76,low,payment_fraud,5441.04,766,open,1.0,3563.69,2025-10-16 04:34:27,
681,823,265,low,account_takeover,5000.65,159,investigating,0.0,102.33,2025-02-17 03:14:13,
682,732,902,low,account_takeover,8109.99,260,closed,0.0,926.86,2025-03-06 21:49:48,1.0
683,563,202,medium,account_takeover,8116.24,874,open,0.0,1449.59,2025-06-18 08:40:44,
684,742,490,high,identity_theft,5292.62,727,closed,0.0,2770.45,2025-04-20 12:22:01,
685,202,38,medium,account_takeover,3391.43,954,closed,0.0,1721.66,2025-10-13 11:39:36,
686,749,815,low,payment_fraud,4798.87,348,investigating,1.0,1685.79,2025-02-27 21:15:12,1.0
687,501,728,low,identity_theft,9592.47,956,investigating,1.0,2855.87,2025-08-17 03:32:11,
688,73,499,low,identity_theft,3168.09,838,investigating,0.0,414.57,2025-08-26 05:22:20,
689,209,727,low,identity_theft,2267.62,244,open,0.0,459.17,2025-04-23 01:48:10,
690,450,860,low,payment_fraud,7435.44,124,investigating,1.0,4558.82,2025-09-11 01:19:49,1.0
691,704,37,high,account_takeover,899.97,716,closed,0.0,62.46,2026-04-11 07:59:09,
692,342,809,medium,account_takeover,763.26,876,investigating,0.0,2147.52,2025-07-12 05:23:25,
693,167,185,medium,account_takeover,3251.53,476,open,0.0,4362.03,2025-06-08 00:54:33,
694,218,245,high,identity_theft,4489.12,365,investigating,1.0,4102.84,2026-01-25 11:57:59,
695,331,162,high,payment_fraud,7605.19,943,investigating,0.0,3565.28,2026-02-03 05:48:48,
696,394,5,medium,identity_theft,6049.09,265,investigating,0.0,45.18,2025-07-04 12:42:27,
697,984,166,high,payment_fraud,6864.96,175,investigating,1.0,1868.5,2026-02-06 07:31:57,1.0
698,308,316,medium,payment_fraud,2545.69,445,open,1.0,4520.93,2025-10-02 01:24:08,
699,94,403,medium,account_takeover,9006.13,290,investigating,1.0,2419.89,2025-05-26 01:23:24,
700,684,700,high,account_takeover,4873.04,711,investigating,1.0,2176.56,2025-12-05 12:20:00,
701,523,375,medium,account_takeover,9560.61,286,open,0.0,2871.49,2025-03-21 09:31:04,1.0
702,87,802,medium,account_takeover,287.56,932,open,0.0,3762.73,2025-08-29 17:28:50,
703,101,896,high,payment_fraud,3088.31,987,closed,0.0,2564.76,2026-03-07 22:39:18,1.0
704,92,37,high,identity_theft,2716.29,301,closed,0.0,3213.07,2025-10-23 15:42:26,
705,828,114,medium,payment_fraud,2413.49,156,investigating,0.0,845.49,2025-05-05 11:15:34,
706,587,273,low,identity_theft,4775.84,248,closed,1.0,2367.71,2025-05-30 02:48:16,1.0
707,439,590,high,account_takeover,6432.12,322,closed,1.0,2573.76,2026-01-01 23:32:48,1.0
708,625,604,low,payment_fraud,9745.72,276,open,1.0,4612.52,2025-05-12 19:05:54,
709,325,11,low,payment_fraud,2790.04,627,investigating,1.0,2262.01,2026-02-28 16:03:14,1.0
710,252,244,medium,identity_theft,5118.11,203,closed,1.0,3288.64,2025-07-21 19:58:51,
711,521,894,medium,payment_fraud,5041.83,715,closed,0.0,2861.42,2026-04-26 16:56:35,1.0
712,335,465,low,account_takeover,8583.85,820,investigating,1.0,3090.09,2025-03-18 16:25:31,1.0
713,906,867,medium,payment_fraud,7169.45,820,open,0.0,610.15,2025-01-07 08:29:50,
714,234,654,low,account_takeover,6520.74,137,open,0.0,2385.36,2025-12-10 21:23:04,1.0
715,596,626,high,account_takeover,541.7,944,open,0.0,1390.07,2025-05-03 08:15:14,1.0
716,940,94,medium,identity_theft,5190.1,283,closed,0.0,3408.79,2025-10-05 18:38:28,1.0
717,33,303,medium,account_takeover,4127.31,515,investigating,0.0,1199.65,2026-03-17 15:40:44,
718,32,185,high,payment_fraud,7402.81,603,investigating,1.0,712.14,2025-07-10 14:46:54,
719,37,854,low,account_takeover,3710.38,657,open,0.0,3455.19,2025-12-31 00:19:31,1.0
720,957,821,high,payment_fraud,9534.69,689,closed,1.0,3462.49,2025-12-13 15:11:54,1.0
721,479,61,medium,payment_fraud,1092.74,452,closed,1.0,3684.75,2025-04-16 21:04:20,1.0
722,283,984,medium,payment_fraud,4943.01,655,investigating,1.0,451.83,2026-01-14 04:51:41,1.0
723,151,76,high,account_takeover,7809.25,404,open,0.0,4065.66,2025-07-23 08:24:24,1.0
724,914,261,low,payment_fraud,1935.07,588,investigating,1.0,3024.37,2026-02-11 05:58:00,
725,119,38,medium,payment_fraud,5814.03,838,investigating,1.0,93.23,2025-02-03 12:40:44,1.0
726,838,258,medium,identity_theft,1615.9,307,closed,0.0,2022.15,2025-04-16 08:19:39,1.0
727,257,19,low,account_takeover,7508.82,568,open,1.0,1651.65,2025-03-21 09:45:08,1.0
728,572,807,high,identity_theft,8132.43,526,open,0.0,7.61,2025-10-09 20:54:42,1.0
729,735,152,high,account_takeover,2307.27,908,investigating,1.0,2503.02,2026-04-01 01:06:27,1.0
730,34,499,high,payment_fraud,6622.37,380,closed,0.0,680.7,2026-04-23 21:23:05,
731,108,541,medium,account_takeover,5479.97,713,open,1.0,2412.89,2026-04-12 23:13:14,1.0
732,436,137,medium,identity_theft,9366.11,232,closed,1.0,1538.48,2025-01-10 00:01:30,
733,295,54,high,payment_fraud,3238.13,786,closed,1.0,4733.3,2026-03-14 08:09:38,1.0
734,657,910,high,account_takeover,1034.25,80,investigating,0.0,775.89,2025-10-28 08:00:23,1.0
735,892,783,high,payment_fraud,6823.56,106,open,1.0,3033.15,2025-04-22 10:17:27,1.0
736,541,95,medium,payment_fraud,7825.48,379,investigating,1.0,2232.56,2025-03-02 13:24:40,
737,952,463,medium,identity_theft,4478.74,613,investigating,0.0,4044.88,2025-05-17 09:04:27,
738,719,282,low,payment_fraud,3829.85,209,open,0.0,3739.07,2026-02-05 22:44:01,1.0
739,123,850,high,payment_fraud,9030.36,885,open,1.0,4515.12,2025-01-02 19:22:40,
740,551,142,high,account_takeover,4599.16,991,closed,1.0,4257.53,2025-07-07 06:42:12,1.0
741,889,801,low,payment_fraud,138.23,142,investigating,1.0,3259.87,2026-03-06 09:18:05,1.0
742,125,733,low,account_takeover,7777.29,472,investigating,0.0,1809.61,2025-11-26 22:50:05,1.0
743,778,222,medium,identity_theft,7232.46,185,open,1.0,4185.73,2025-09-05 03:08:46,1.0
744,737,883,low,payment_fraud,9530.31,941,open,0.0,4581.85,2025-04-01 08:05:05,1.0
745,671,949,high,payment_fraud,5503.71,865,closed,0.0,785.35,2025-10-09 13:43:31,1.0
746,103,336,low,payment_fraud,6074.92,109,open,0.0,3325.86,2025-04-15 02:42:45,
747,681,641,low,identity_theft,5562.19,133,closed,0.0,4111.0,2025-03-11 00:39:43,1.0
748,636,704,low,account_takeover,622.45,26,investigating,1.0,3519.59,2026-03-16 06:22:48,1.0
749,925,236,low,account_takeover,3144.17,685,open,0.0,4098.98,2026-03-26 17:23:08,1.0
750,231,964,high,account_takeover,3197.58,459,investigating,1.0,3020.72,2025-04-01 12:13:04,
751,75,769,low,identity_theft,52.22,982,closed,0.0,3236.41,2026-02-27 11:56:11,
752,317,513,low,payment_fraud,2614.56,419,investigating,0.0,3162.8,2026-04-17 16:14:45,
753,501,149,high,account_takeover,8025.26,52,open,0.0,2298.72,2026-03-23 13:05:35,1.0
754,851,105,high,account_takeover,8285.29,405,open,0.0,4774.39,2025-12-02 07:28:47,1.0
755,589,9,low,payment_fraud,7991.73,597,investigating,1.0,44.02,2026-03-29 11:43:20,
756,313,614,low,payment_fraud,8687.59,409,closed,1.0,1182.16,2025-05-27 19:43:21,
757,239,465,medium,payment_fraud,6769.04,976,investigating,1.0,789.72,2025-03-21 09:58:13,1.0
758,612,533,low,identity_theft,4996.03,75,closed,0.0,225.14,2025-10-04 09:03:02,
759,430,953,high,payment_fraud,7416.73,967,investigating,0.0,1071.37,2025-11-07 09:38:18,
760,842,695,low,account_takeover,3241.76,343,open,0.0,1688.06,2025-10-22 12:41:38,1.0
761,244,722,low,account_takeover,5645.53,627,investigating,0.0,4999.04,2025-02-12 01:07:25,
762,110,20,low,payment_fraud,9147.62,349,open,0.0,59.89,2026-04-12 07:14:11,1.0
763,683,982,low,identity_theft,308.04,51,investigating,1.0,753.36,2025-05-16 03:04:25,
764,286,173,medium,payment_fraud,786.76,491,open,1.0,4631.19,2026-03-05 14:50:56,
765,319,540,high,payment_fraud,6251.16,635,open,0.0,120.37,2025-07-29 23:06:10,1.0
766,145,940,medium,identity_theft,9095.35,891,open,0.0,3209.44,2026-01-16 19:47:01,1.0
767,210,246,high,account_takeover,7646.84,518,open,1.0,1196.59,2025-05-30 02:38:47,1.0
768,78,477,medium,payment_fraud,5945.56,652,open,1.0,271.51,2025-07-20 10:24:33,
769,811,120,medium,payment_fraud,4613.4,848,closed,0.0,4778.29,2025-09-25 19:32:56,1.0
770,933,576,high,identity_theft,4629.82,768,investigating,1.0,709.32,2025-01-31 15:06:54,
771,568,268,high,payment_fraud,4800.26,828,investigating,0.0,332.41,2025-01-01 21:52:49,
772,560,363,medium,identity_theft,5933.71,688,investigating,0.0,1667.5,2025-02-20 20:57:41,1.0
773,976,433,medium,identity_theft,5424.97,9,investigating,0.0,4833.01,2025-09-11 22:39:42,
774,917,501,medium,identity_theft,1304.88,831,open,0.0,3339.2,2025-02-11 10:55:15,1.0
775,262,553,medium,payment_fraud,4981.62,969,open,1.0,4430.32,2025-12-13 04:09:08,
776,154,199,low,payment_fraud,333.17,394,open,0.0,2469.78,2025-01-31 23:48:20,1.0
777,259,458,high,payment_fraud,7947.14,338,investigating,0.0,483.9,2025-12-20 06:53:40,
778,117,312,high,account_takeover,9793.04,354,investigating,1.0,3628.95,2026-02-22 02:56:41,
779,781,51,high,account_takeover,8656.32,883,open,0.0,284.17,2025-11-22 22:52:17,
780,867,368,low,payment_fraud,357.42,366,investigating,1.0,4611.09,2025-07-01 22:07:48,
781,665,72,low,account_takeover,3135.98,578,open,1.0,906.4,2025-01-01 04:38:22,1.0
782,446,617,medium,identity_theft,8749.38,721,investigating,1.0,2762.75,2025-12-03 00:53:36,
783,731,915,medium,account_takeover,3255.22,397,investigating,0.0,4814.92,2025-02-15 11:11:04,
784,991,558,high,payment_fraud,10.86,409,closed,1.0,4156.59,2025-05-07 22:07:42,
785,402,395,low,identity_theft,9474.13,104,open,0.0,415.06,2026-03-13 14:59:40,1.0
786,715,452,low,payment_fraud,6920.4,616,open,1.0,2166.16,2025-07-19 18:29:36,
787,63,30,medium,payment_fraud,2406.62,44,open,0.0,1745.04,2025-08-09 06:16:42,1.0
788,864,252,high,account_takeover,4302.73,356,open,0.0,3957.54,2025-11-10 20:54:22,1.0
789,568,887,high,payment_fraud,5755.23,568,investigating,0.0,1879.89,2025-03-25 06:23:51,
790,577,88,medium,payment_fraud,7840.52,887,open,0.0,4339.0,2025-03-18 11:27:53,1.0
791,506,180,high,payment_fraud,5452.77,23,investigating,1.0,1427.06,2025-12-09 10:12:54,
792,628,610,low,account_takeover,6907.42,566,open,1.0,1114.07,2025-05-28 07:01:04,1.0
793,695,210,high,payment_fraud,4322.13,918,investigating,1.0,4414.35,2025-10-09 02:35:30,1.0
794,95,650,low,identity_theft,4247.26,664,investigating,0.0,2263.78,2025-11-18 13:13:40,1.0
795,913,271,low,account_takeover,492.71,802,open,0.0,4342.6,2025-03-29 22:57:57,
796,368,85,low,payment_fraud,3790.92,330,open,1.0,2158.72,2026-03-07 23:08:48,
797,354,434,medium,account_takeover,1161.42,893,investigating,0.0,114.07,2025-07-06 15:49:22,
798,9,408,high,account_takeover,8383.5,999,open,0.0,810.21,2025-12-10 07:25:05,1.0
799,282,91,low,identity_theft,5571.85,318,open,0.0,1289.5,2025-11-27 15:35:28,
800,369,3,medium,account_takeover,2361.5,688,closed,0.0,4452.27,2025-07-04 10:58:51,
801,627,939,low,payment_fraud,818.81,210,open,1.0,2231.33,2025-06-14 02:01:58,1.0
802,99,489,low,identity_theft,3184.68,80,open,1.0,3918.01,2025-04-08 22:54:19,
803,913,213,high,identity_theft,8599.84,118,open,0.0,2762.27,2025-01-13 00:40:51,1.0
804,175,556,high,identity_theft,4296.99,545,closed,1.0,386.86,2026-03-27 00:48:50,1.0
805,735,120,high,payment_fraud,3057.26,761,investigating,0.0,2348.6,2025-09-27 11:25:27,
806,284,883,low,payment_fraud,3527.54,309,open,1.0,822.48,2025-11-02 07:57:46,
807,741,753,high,payment_fraud,5630.52,986,open,1.0,445.37,2025-01-15 11:40:28,1.0
808,384,412,high,account_takeover,4356.39,746,closed,1.0,2518.41,2025-12-23 04:35:17,
809,605,238,high,account_takeover,4622.14,712,closed,1.0,4579.97,2026-03-02 09:55:15,
810,114,568,high,identity_theft,2678.87,784,open,1.0,1822.13,2025-11-17 07:17:30,1.0
811,863,917,high,identity_theft,7946.38,540,investigating,0.0,694.15,2025-12-14 05:30:01,
812,820,24,high,account_takeover,6124.74,371,closed,1.0,2262.62,2026-03-07 00:41:13,1.0
813,735,70,medium,payment_fraud,4408.19,312,open,0.0,4960.41,2025-10-01 22:18:38,1.0
814,658,316,low,payment_fraud,2205.43,316,closed,0.0,952.0,2025-12-28 14:36:45,1.0
815,931,679,high,account_takeover,1017.63,161,closed,0.0,2304.12,2025-08-04 09:06:39,
816,153,233,high,payment_fraud,3353.22,322,investigating,1.0,2078.03,2026-04-25 09:38:42,1.0
817,608,100,low,account_takeover,8306.11,947,open,0.0,3482.03,2025-05-03 03:28:34,
818,356,770,low,identity_theft,878.02,818,investigating,1.0,3381.78,2025-06-11 00:19:06,1.0
819,255,675,medium,account_takeover,6388.83,515,investigating,0.0,1501.04,2025-05-25 13:59:45,1.0
820,315,984,high,payment_fraud,8593.43,212,investigating,0.0,56.55,2025-09-09 00:16:01,
821,314,875,medium,identity_theft,2551.63,681,open,0.0,1474.25,2026-02-06 21:19:30,
822,531,111,low,identity_theft,1377.81,113,investigating,1.0,2146.1,2025-07-06 15:00:01,
823,152,66,high,payment_fraud,8286.99,36,closed,0.0,4842.8,2025-03-23 01:16:59,
824,550,645,high,payment_fraud,3022.84,781,open,0.0,4299.78,2025-10-22 15:40:35,
825,771,850,low,payment_fraud,1598.82,420,closed,0.0,1843.81,2025-04-14 01:38:52,1.0
826,854,199,high,account_takeover,5651.03,336,closed,1.0,2979.59,2026-01-22 06:56:05,
827,952,891,low,identity_theft,9900.06,414,closed,1.0,4040.79,2025-01-08 20:13:55,1.0
828,267,826,high,account_takeover,7078.8,739,open,1.0,4065.51,2025-09-28 01:03:03,
829,907,906,medium,identity_theft,3261.28,839,investigating,0.0,2678.05,2026-01-04 01:23:21,
830,234,768,low,identity_theft,3963.68,538,open,1.0,938.7,2025-07-14 17:06:44,1.0
831,180,958,high,payment_fraud,5883.51,379,open,1.0,2853.29,2025-11-24 01:58:40,
832,86,570,medium,account_takeover,7722.13,48,investigating,1.0,1355.93,2025-06-23 06:28:21,1.0
833,109,828,low,identity_theft,5518.42,24,open,1.0,1116.44,2025-08-19 05:08:32,1.0
834,528,21,high,payment_fraud,7861.18,322,investigating,1.0,260.97,2025-08-17 02:33:58,1.0
835,728,508,medium,identity_theft,3174.3,857,open,1.0,2062.79,2026-03-14 19:38:44,1.0
836,712,844,low,identity_theft,7563.56,402,closed,0.0,541.15,2025-05-21 09:51:48,
837,225,126,high,identity_theft,9471.55,285,open,0.0,1997.93,2025-12-11 00:50:57,1.0
838,680,221,low,account_takeover,9792.57,80,investigating,1.0,4719.51,2026-04-14 11:33:40,1.0
839,157,887,medium,identity_theft,147.97,262,closed,0.0,1737.82,2025-12-01 16:46:31,1.0
840,172,151,high,identity_theft,8183.92,17,open,0.0,1175.09,2026-02-03 16:05:14,1.0
841,593,848,medium,payment_fraud,5869.55,71,open,0.0,3291.63,2025-12-06 04:49:16,
842,156,980,medium,account_takeover,9207.49,408,closed,0.0,4698.47,2025-07-28 01:36:51,1.0
843,668,768,high,payment_fraud,5234.13,288,open,0.0,3920.59,2025-05-11 23:11:30,
844,153,832,low,account_takeover,4733.46,20,investigating,0.0,3651.29,2025-09-13 06:58:05,
845,370,698,high,account_takeover,773.79,93,investigating,1.0,108.45,2025-02-04 22:00:52,
846,453,30,low,account_takeover,9447.57,980,open,0.0,4616.26,2025-07-09 21:51:50,1.0
847,883,757,high,identity_theft,9396.54,264,closed,1.0,89.74,2026-04-04 11:16:18,1.0
848,545,572,low,payment_fraud,1103.46,848,investigating,1.0,1924.66,2025-02-28 17:08:53,
849,884,749,low,identity_theft,3142.35,6,investigating,0.0,1203.04,2025-08-21 12:15:00,
850,786,79,low,account_takeover,5969.54,589,closed,0.0,4112.31,2025-04-23 02:22:03,
851,148,319,medium,account_takeover,4836.63,300,open,1.0,803.34,2025-12-28 19:24:50,
852,168,861,low,identity_theft,3502.37,34,open,1.0,1224.52,2025-09-11 21:44:52,1.0
853,177,961,high,account_takeover,668.81,172,investigating,1.0,1869.48,2026-03-18 15:38:49,
854,401,394,medium,payment_fraud,6875.99,849,closed,0.0,627.84,2025-11-06 03:27:13,
855,705,624,medium,identity_theft,9360.52,507,closed,1.0,3796.27,2025-02-12 11:55:19,1.0
856,409,395,medium,payment_fraud,7168.31,909,investigating,0.0,572.95,2025-08-28 09:57:06,
857,350,956,medium,account_takeover,6483.06,412,closed,1.0,4301.14,2025-02-20 15:34:46,
858,642,750,high,account_takeover,1123.47,996,closed,0.0,472.67,2025-08-09 14:02:57,1.0
859,997,360,medium,identity_theft,240.24,915,open,1.0,1308.77,2025-04-10 09:47:41,1.0
860,926,70,high,identity_theft,6120.16,72,closed,0.0,1119.87,2025-10-08 11:38:19,
861,857,511,low,identity_theft,9608.54,240,closed,1.0,130.01,2025-10-10 10:35:15,1.0
862,257,511,medium,identity_theft,3566.92,715,investigating,1.0,3892.2,2026-01-10 07:24:56,1.0
863,996,976,high,payment_fraud,2049.33,505,investigating,1.0,1345.05,2025-04-05 06:11:40,
864,512,207,high,account_takeover,7689.61,12,investigating,1.0,3852.85,2025-09-03 20:50:38,
865,112,214,high,account_takeover,9188.28,553,closed,0.0,4039.2,2025-03-07 05:38:39,
866,309,954,medium,account_takeover,4589.96,733,investigating,1.0,4120.01,2025-09-26 09:02:25,1.0
867,309,381,high,account_takeover,3694.0,361,closed,1.0,1679.09,2025-09-21 08:04:30,1.0
868,366,613,low,payment_fraud,3512.82,673,closed,0.0,2301.23,2026-03-07 07:48:29,
869,790,485,high,payment_fraud,8815.33,490,closed,0.0,2396.48,2026-03-14 23:08:09,1.0
870,519,192,medium,identity_theft,7979.23,585,investigating,1.0,798.45,2025-03-12 21:47:54,1.0
871,498,330,medium,payment_fraud,2313.33,50,closed,1.0,3451.24,2026-03-02 04:49:41,
872,611,597,low,account_takeover,5455.6,454,open,1.0,3217.49,2026-04-21 14:21:29,
873,547,539,low,payment_fraud,544.11,540,investigating,1.0,3364.87,2025-07-07 18:31:12,
874,548,371,high,identity_theft,5675.96,222,investigating,1.0,2646.44,2026-03-11 08:45:15,1.0
875,428,14,medium,payment_fraud,644.22,367,closed,1.0,1640.66,2025-03-08 15:35:51,
876,665,95,medium,account_takeover,5282.63,635,closed,0.0,3570.71,2026-02-24 18:29:07,
877,131,37,high,account_takeover,7355.2,105,open,1.0,2589.84,2025-10-07 20:28:39,1.0
878,492,745,low,account_takeover,8618.01,308,open,0.0,4734.51,2025-09-10 20:38:13,1.0
879,246,36,low,identity_theft,4847.15,543,investigating,0.0,364.72,2025-11-13 10:50:51,
880,383,467,medium,identity_theft,6875.69,540,closed,1.0,3513.4,2026-04-15 05:40:54,1.0
881,472,363,medium,payment_fraud,1398.07,973,open,1.0,1102.99,2025-04-25 22:27:57,1.0
882,279,480,low,payment_fraud,7758.2,556,closed,1.0,3767.0,2026-01-24 15:58:48,
883,816,219,high,payment_fraud,4096.25,460,closed,1.0,1254.45,2025-04-07 23:56:21,1.0
884,780,226,low,identity_theft,3767.44,317,investigating,0.0,2166.74,2025-07-03 13:53:16,1.0
885,820,367,medium,account_takeover,3247.07,731,open,0.0,177.86,2026-02-28 04:15:09,1.0
886,963,907,medium,payment_fraud,6629.05,632,open,1.0,4448.3,2025-06-11 04:10:26,
887,814,382,medium,account_takeover,3975.18,186,closed,1.0,478.99,2025-06-26 20:50:01,1.0
888,772,476,medium,identity_theft,9378.91,390,closed,0.0,3705.84,2026-04-19 08:53:07,
889,145,319,high,identity_theft,7875.46,754,closed,0.0,4419.57,2025-01-20 19:33:27,
890,944,117,low,payment_fraud,1410.43,109,investigating,1.0,797.59,2025-07-05 11:37:58,1.0
891,231,115,low,account_takeover,7327.95,35,closed,0.0,4076.42,2025-08-13 01:14:15,1.0
892,647,83,low,payment_fraud,1215.8,111,open,0.0,4448.13,2026-03-20 10:17:33,
893,837,524,medium,identity_theft,7464.57,743,closed,0.0,3370.25,2026-02-16 22:16:33,
894,367,308,medium,payment_fraud,2429.12,162,closed,0.0,4280.92,2025-08-19 19:16:41,
895,970,167,high,payment_fraud,3436.96,127,open,0.0,3726.89,2025-10-30 22:16:22,1.0
896,43,717,low,account_takeover,2521.66,291,open,1.0,2156.78,2025-05-23 21:56:04,1.0
897,832,730,medium,payment_fraud,3967.25,190,investigating,0.0,2720.09,2026-03-19 10:34:07,1.0
898,742,415,low,account_takeover,6920.23,862,investigating,0.0,485.84,2025-09-19 17:53:28,
899,952,731,high,account_takeover,6679.69,147,closed,0.0,875.02,2025-06-28 03:07:15,
900,974,893,medium,identity_theft,1419.46,882,investigating,1.0,1602.45,2026-03-09 09:49:30,
901,86,518,medium,account_takeover,1824.27,599,open,1.0,1213.97,2026-02-22 04:39:46,
902,652,667,low,payment_fraud,2110.57,105,investigating,0.0,346.59,2025-03-21 23:09:39,1.0
903,583,462,high,account_takeover,7996.15,732,closed,1.0,1735.22,2025-09-01 18:33:10,
904,1000,991,low,payment_fraud,2112.84,893,open,0.0,44.38,2025-03-08 06:20:06,1.0
905,615,735,medium,account_takeover,6493.12,236,open,0.0,784.85,2026-01-09 13:12:25,
906,313,315,low,payment_fraud,5545.88,285,investigating,0.0,2457.84,2026-02-23 00:49:54,1.0
907,950,583,high,account_takeover,9298.96,952,open,1.0,3709.32,2025-10-03 09:37:00,
908,672,14,medium,payment_fraud,2210.64,909,investigating,0.0,2117.96,2025-03-08 18:41:57,
909,821,487,high,identity_theft,2718.38,759,open,0.0,1366.59,2025-08-15 23:43:15,
910,107,996,low,identity_theft,1823.77,554,investigating,0.0,3953.96,2025-12-10 02:43:40,1.0
911,996,720,medium,account_takeover,5406.27,423,closed,0.0,4990.81,2025-09-22 14:08:41,
912,239,876,high,identity_theft,8552.9,215,open,1.0,2796.97,2025-11-13 14:16:15,1.0
913,374,649,high,payment_fraud,7832.2,907,investigating,1.0,2088.51,2025-10-25 01:28:55,1.0
914,469,121,high,payment_fraud,3485.17,767,closed,0.0,4639.68,2025-05-12 16:06:46,1.0
915,727,610,medium,payment_fraud,8349.58,126,closed,1.0,2238.61,2026-02-19 01:15:43,1.0
916,435,230,medium,identity_theft,363.57,953,closed,1.0,1899.3,2025-09-12 13:24:45,
917,827,512,low,payment_fraud,5885.01,660,investigating,0.0,1763.91,2025-04-27 17:26:41,
918,80,935,low,payment_fraud,1935.67,898,investigating,0.0,2945.28,2026-02-11 10:17:00,
919,941,721,medium,account_takeover,8664.91,922,open,0.0,2764.42,2025-07-15 21:23:21,1.0
920,891,617,medium,identity_theft,2622.46,980,closed,1.0,1061.14,2026-04-19 09:57:41,1.0
921,358,460,low,identity_theft,3019.68,916,investigating,1.0,3508.61,2026-04-09 23:13:32,1.0
922,926,750,low,payment_fraud,7021.23,705,open,0.0,208.35,2025-11-09 01:13:48,1.0
923,171,780,low,payment_fraud,8363.83,763,closed,1.0,2892.99,2025-06-30 23:17:53,1.0
924,297,466,high,identity_theft,3498.73,507,investigating,0.0,2777.53,2026-02-21 20:08:02,
925,556,110,medium,payment_fraud,7845.2,983,investigating,0.0,1815.47,2025-06-16 16:39:43,1.0
926,603,165,low,payment_fraud,6845.58,23,open,1.0,3618.85,2026-02-22 23:05:01,1.0
927,191,854,low,identity_theft,652.48,97,open,1.0,3998.96,2025-03-28 21:48:04,
928,149,176,high,payment_fraud,2082.1,386,closed,0.0,813.02,2026-01-10 15:19:10,
929,467,601,high,payment_fraud,6600.09,427,open,0.0,2664.54,2025-03-13 09:54:43,1.0
930,419,80,medium,account_takeover,5033.47,915,investigating,1.0,1178.2,2025-06-06 23:44:16,1.0
931,685,787,low,payment_fraud,9391.1,51,open,1.0,1177.84,2025-09-11 23:32:01,
932,703,829,high,identity_theft,1204.08,241,investigating,0.0,2540.84,2025-12-01 03:53:37,1.0
933,999,464,low,identity_theft,8371.56,72,investigating,0.0,594.71,2025-04-30 19:45:02,1.0
934,207,360,medium,payment_fraud,7695.71,120,investigating,0.0,796.04,2025-10-10 12:05:46,
935,285,841,medium,account_takeover,2749.8,768,investigating,1.0,2447.57,2026-03-14 13:39:56,1.0
936,40,171,low,identity_theft,6180.67,482,closed,1.0,180.93,2026-02-05 09:44:38,1.0
937,127,380,high,identity_theft,439.63,721,closed,1.0,4142.07,2025-08-31 22:57:33,
938,966,753,high,identity_theft,1106.2,406,investigating,1.0,4695.67,2025-10-18 16:53:31,
939,475,689,high,account_takeover,4492.72,713,investigating,0.0,290.05,2025-12-01 11:06:59,1.0
940,66,102,low,identity_theft,1686.8,4,open,1.0,2161.3,2025-08-18 01:15:10,
941,569,931,low,account_takeover,8715.99,108,closed,1.0,297.15,2025-09-21 11:25:33,1.0
942,312,279,high,payment_fraud,338.68,726,closed,1.0,1417.74,2025-05-31 08:02:01,1.0
943,511,619,high,identity_theft,6740.39,268,investigating,1.0,3480.31,2025-04-15 02:59:49,
944,958,197,low,account_takeover,1300.5,539,closed,1.0,2408.14,2025-01-25 17:04:31,
945,254,942,medium,account_takeover,6329.89,742,open,1.0,182.49,2025-07-26 07:17:33,
946,584,431,low,account_takeover,4829.89,548,investigating,0.0,2207.8,2025-09-05 21:24:44,1.0
947,854,369,high,payment_fraud,3171.84,602,closed,1.0,2015.57,2025-07-31 07:26:39,1.0
948,254,116,low,payment_fraud,4458.6,595,investigating,1.0,1954.16,2025-05-06 03:58:01,
949,527,201,high,identity_theft,5920.8,912,closed,1.0,4551.64,2025-03-29 19:43:37,1.0
950,274,704,high,payment_fraud,3399.08,667,investigating,0.0,1214.66,2026-02-19 03:06:02,
951,531,714,high,payment_fraud,3395.13,672,open,1.0,2708.58,2025-10-12 04:57:57,1.0
952,220,609,low,identity_theft,6621.85,213,closed,0.0,4972.91,2026-03-20 15:08:39,1.0
953,704,524,low,account_takeover,7121.55,768,investigating,1.0,2793.98,2025-03-27 00:20:51,1.0
954,335,510,medium,payment_fraud,7532.95,786,closed,0.0,1391.58,2026-03-01 21:11:42,
955,366,190,low,identity_theft,6611.16,361,investigating,0.0,1615.85,2026-04-17 02:09:50,1.0
956,605,251,medium,identity_theft,1690.78,825,open,1.0,4665.25,2025-11-21 22:58:04,1.0
957,157,930,low,payment_fraud,5261.53,124,open,1.0,1047.99,2025-02-05 19:30:36,
958,520,423,high,account_takeover,7529.3,98,investigating,0.0,2037.43,2025-11-04 19:45:01,1.0
959,804,688,high,account_takeover,3729.41,605,open,0.0,2295.56,2026-02-10 03:27:40,
960,934,298,medium,identity_theft,3663.87,636,closed,1.0,2985.76,2025-06-15 22:28:11,
961,110,502,medium,account_takeover,6802.26,755,closed,1.0,2302.76,2025-08-09 11:07:58,
962,322,116,low,identity_theft,8694.45,729,closed,1.0,692.25,2025-03-24 06:23:52,1.0
963,877,244,low,payment_fraud,6163.14,141,open,0.0,952.11,2025-06-22 01:32:03,1.0
964,310,992,medium,payment_fraud,3047.99,255,open,0.0,4905.48,2026-01-20 19:24:30,1.0
965,360,138,high,account_takeover,2122.09,532,closed,1.0,3216.28,2026-02-09 10:16:35,1.0
966,211,736,medium,identity_theft,8779.79,729,investigating,0.0,896.55,2026-02-24 18:59:09,1.0
967,341,207,medium,identity_theft,9995.89,212,open,1.0,118.98,2025-08-25 15:19:50,1.0
968,510,941,medium,payment_fraud,7869.43,241,closed,1.0,2861.42,2025-08-20 02:27:52,
969,110,541,medium,identity_theft,611.56,924,closed,1.0,697.85,2026-02-17 01:24:02,
970,626,764,medium,identity_theft,8016.03,816,closed,0.0,879.33,2025-03-28 19:51:53,1.0
971,573,843,medium,account_takeover,677.08,165,investigating,1.0,128.72,2026-04-23 03:18:53,1.0
972,795,769,low,payment_fraud,3114.59,131,investigating,0.0,2479.86,2025-04-01 16:15:36,
973,539,942,low,account_takeover,2295.43,249,closed,1.0,1488.28,2025-12-30 18:45:50,1.0
974,562,445,low,account_takeover,3233.41,370,investigating,0.0,2169.07,2025-11-24 03:42:32,1.0
975,23,672,low,identity_theft,4455.66,862,closed,1.0,1169.6,2025-10-27 00:37:23,1.0
976,203,958,low,payment_fraud,8329.5,831,closed,1.0,427.35,2025-05-30 04:57:38,1.0
977,143,368,high,payment_fraud,7346.57,711,investigating,1.0,2646.7,2026-02-21 00:46:53,1.0
978,312,130,low,identity_theft,2293.55,326,closed,0.0,456.03,2026-01-04 19:05:57,1.0
979,1000,699,high,payment_fraud,5049.04,276,open,0.0,4492.81,2025-03-02 05:32:24,1.0
980,887,223,medium,payment_fraud,3519.31,293,closed,1.0,427.8,2026-01-16 00:32:50,
981,342,663,medium,account_takeover,417.36,274,investigating,0.0,2936.19,2025-03-24 03:04:33,
982,364,259,low,payment_fraud,7714.23,919,investigating,0.0,665.82,2025-04-15 01:24:29,1.0
983,980,728,high,identity_theft,5670.6,455,investigating,0.0,1089.79,2025-12-05 09:09:04,
984,180,178,low,account_takeover,9627.34,628,investigating,0.0,3285.84,2025-12-08 03:29:40,1.0
985,726,486,low,payment_fraud,174.53,340,closed,0.0,1756.33,2025-08-08 23:57:44,1.0
986,44,828,low,account_takeover,8050.88,370,closed,1.0,2621.48,2026-01-26 13:45:54,1.0
987,176,548,medium,identity_theft,2701.45,747,investigating,1.0,896.84,2026-04-21 21:21:46,1.0
988,629,602,low,account_takeover,8901.7,593,investigating,1.0,983.86,2026-03-24 08:57:39,
989,500,280,medium,identity_theft,1723.65,338,investigating,1.0,1359.81,2025-02-24 09:32:10,1.0
990,556,454,high,identity_theft,5249.84,377,open,1.0,4725.54,2025-03-16 08:09:04,
991,805,66,high,identity_theft,1689.61,651,investigating,1.0,4875.92,2025-09-16 10:01:58,
992,201,980,medium,identity_theft,9641.26,533,closed,1.0,51.85,2025-12-15 02:53:16,
993,516,919,low,payment_fraud,8756.08,640,investigating,1.0,2174.9,2025-09-16 21:42:11,
994,568,144,medium,account_takeover,3906.52,957,open,1.0,1046.06,2025-01-31 12:47:42,
995,121,95,high,payment_fraud,1137.61,131,investigating,0.0,4705.42,2025-09-12 21:53:20,1.0
996,982,48,low,account_takeover,1094.95,395,closed,0.0,665.89,2025-01-24 07:41:02,1.0
997,59,444,low,payment_fraud,7705.96,984,closed,0.0,2282.63,2026-03-16 06:51:35,
998,564,323,low,account_takeover,5108.43,785,open,0.0,3670.89,2025-10-21 03:17:36,
999,381,199,medium,account_takeover,5305.4,52,open,0.0,3413.92,2025-07-04 16:17:42,1.0
1000,625,575,high,identity_theft,4759.24,633,open,0.0,2787.87,2025-07-28 12:35:16,1.0
